"id","x","true_class"
1,0.617651459020608,2
2,-0.837443806426317,2
3,-2.99584031998156,1
4,0.0592086510876087,2
5,0.514331649330584,2
6,2.06869195803945,3
7,4.31694184017936,3
8,-0.459581093044728,2
9,0.960755490376344,2
10,-0.542570527423244,2
11,0.304872111305456,2
12,2.73254168426443,3
13,4.59106536272138,3
14,3.22119430514464,3
15,-3.10931712318643,1
16,0.117762836397598,2
17,1.56473745939815,2
18,-1.35137784214305,2
19,-1.02389991827425,2
20,0.248256394147199,2
21,-2.753200788129,1
22,1.27560202747805,2
23,4.77041379859256,3
24,-1.94728853442067,1
25,0.188105486356753,2
26,3.86949413108899,3
27,-3.03594002979072,1
28,-4.10017221858719,1
29,0.264011434380507,2
30,-3.6868156524427,1
31,-0.211607446282987,2
32,-2.92803915563435,1
33,1.38365760106013,2
34,3.97926157410489,3
35,-0.768385643943707,2
36,-1.85616457120299,1
37,4.16683006159648,3
38,0.954259677245468,2
39,-1.04794090296014,2
40,3.58890746471988,3
41,3.23554281654337,2
42,2.94677085271893,3
43,-1.37756706406485,2
44,-1.42476658017077,2
45,-0.349720994346983,2
46,6.33704462224211,3
47,-2.2161334557135,2
48,1.4028930698445,2
49,-0.260967108399529,2
50,-2.31768475486249,1
51,5.06664751736022,3
52,0.834294073061504,2
53,-2.23432499818708,2
54,-3.35091782719307,1
55,1.20996051140149,2
56,-0.874938548515266,2
57,1.95405205583343,2
58,-0.621560704330828,2
59,1.31783561304849,2
60,0.153363028470634,2
61,5.53695217375178,3
62,-1.20957579175696,1
63,-0.976415461234376,2
64,-3.69493682523489,1
65,-2.81815280738017,1
66,3.51729982243249,3
67,0.876237101646282,2
68,0.380156936736672,2
69,-1.00850275646813,2
70,-1.16243321340069,2
71,3.97051291724266,3
72,-0.175782369169236,2
73,-1.56806914561435,2
74,4.12672138478411,3
75,3.94318757328711,3
76,0.86561315233749,2
77,-4.16193755759697,1
78,2.0261344882446,3
79,2.8539770299383,3
80,4.77221268345561,3
81,3.47550543797255,3
82,0.720449424080687,2
83,-3.48313506865227,1
84,5.20255654821247,3
85,1.58986783807543,2
86,4.2823116158259,3
87,0.0153230091325226,2
88,-3.06192265761955,1
89,-3.72738352908754,1
90,0.541704658217943,2
91,1.26332553996403,3
92,-3.12714860682566,1
93,-0.0658948119442487,2
94,1.13933307604848,2
95,5.59134943810044,3
96,-0.428251372732744,2
97,4.0605687990827,3
98,0.935634309069237,2
99,-1.940069201671,2
100,-1.22822780912991,2
101,0.650333599101656,2
102,3.93975047284011,3
103,3.3061737521263,3
104,-0.59429765043511,2
105,-0.0611033670381328,2
106,-0.54620305037046,2
107,0.160819359448959,2
108,-0.335598592028236,2
109,0.897805220742601,2
110,0.584580583678504,2
111,-3.7906077857227,1
112,2.39358537418796,2
113,-3.18018748771646,1
114,-0.0815898798548839,2
115,5.24829176050183,3
116,0.210473331204397,2
117,-3.09745125010562,1
118,1.26728853859005,2
119,2.62503879857206,3
120,-3.32448917647535,1
121,-0.650621197553096,2
122,2.93438580825932,3
123,-2.24042306310688,1
124,0.834479849708939,2
125,3.07053644645847,3
126,-1.23730985692168,2
127,-3.44695930896199,1
128,4.00227876465128,3
129,3.51143619861049,3
130,0.0559444258531401,2
131,0.655762571951209,2
132,-2.58041696070364,1
133,-0.178001417030709,2
134,3.71157542492951,3
135,-2.07448876388376,1
136,-0.394162971603446,2
137,3.335395331062,3
138,-2.84662688216348,1
139,1.223885485643,2
140,-0.622807288511613,2
141,-1.33826589318506,2
142,-3.2179749146583,1
143,3.5430289724656,3
144,-2.51638246616173,1
145,3.46606532973377,3
146,-3.2362795689411,1
147,-0.135680412514509,2
148,0.815356544971345,2
149,-0.465692254480316,2
150,-1.46267246450405,1
151,-0.617073304769673,1
152,-1.18906159124793,2
153,0.302076563812211,2
154,-1.27401899139188,2
155,4.96078455217643,3
156,-0.253272863743923,2
157,-4.31701613230524,1
158,-0.127406724329176,2
159,-1.72339838125423,1
160,-1.50075678799885,2
161,0.283132471325672,2
162,0.825075725328577,2
163,-2.04503113888808,1
164,-1.9943340021324,2
165,-1.66448238494061,1
166,-3.06596094635246,1
167,0.761464999670919,2
168,-2.56637961019115,1
169,1.59992099632912,2
170,0.355759428247928,2
171,-2.30643455019036,2
172,2.28073763621728,3
173,4.21878017052176,3
174,-3.21538050764169,1
175,1.05559186416827,2
176,-3.1790515943802,1
177,-0.494871119028844,2
178,-0.75859247225466,2
179,3.75733287683284,3
180,0.362437281539337,2
181,-0.597717941949531,2
182,-2.46460115913185,1
183,-0.594477483010278,2
184,-0.728807248919832,2
185,0.137638812385161,2
186,-0.149309396415536,2
187,-0.556743932301024,2
188,0.161088256522705,2
189,-2.74668148600525,1
190,4.0084586422097,3
191,0.694761817861876,2
192,0.125382426230552,2
193,-0.622689767958638,2
194,-5.30747434203529,1
195,-1.48600746435487,2
196,5.00904950741942,3
197,3.23530845623769,3
198,0.436839943393309,2
199,-2.45122503955572,1
200,2.24501021264297,2
201,-1.65130268614561,2
202,0.191082073762916,2
203,-0.339967488178091,2
204,0.0253793014557843,2
205,4.59002575877977,3
206,-0.0113266279824093,2
207,1.42108869022006,2
208,-0.441254808830028,2
209,4.02658786179944,3
210,-0.510659669728227,2
211,-0.616901564232573,2
212,4.82559476463809,3
213,0.749241651724491,2
214,2.33096111863099,3
215,0.0435543649321396,2
216,-0.22225099823374,2
217,4.12834286333002,3
218,-1.95091337344067,1
219,-4.35807905937061,1
220,-0.364461374099185,2
221,-2.91275579339476,1
222,3.4158609955565,3
223,-2.01781926811074,2
224,3.30822172804034,3
225,4.60907551108641,3
226,-2.13363386788723,1
227,-2.12736543320466,1
228,0.413538663207615,2
229,0.436514338345504,2
230,5.92846178554658,3
231,-5.37740692539252,1
232,4.99171273232156,3
233,-0.0575192355285753,2
234,1.64517537794029,2
235,-0.161248544839263,2
236,1.52855868136876,2
237,0.840445369361455,2
238,-4.03968035270204,1
239,-1.32347768805171,1
240,-0.432238306953734,2
241,4.9466466493549,3
242,3.42109460835705,2
243,0.30121905668371,2
244,0.439716226872132,2
245,0.602054964782769,2
246,0.599824655782442,2
247,0.0629377155423012,2
248,0.139266047194824,2
249,1.35066841000033,2
250,-1.64039657688756,2
251,-0.168059235328074,2
252,-4.55907516443377,1
253,1.11000382848242,2
254,0.639451578125384,2
255,3.2929354880151,3
256,0.252085033197336,2
257,-0.825764854661655,2
258,0.868983501540315,2
259,-0.468292103835751,2
260,-2.12956597015512,1
261,-0.584189408985592,2
262,0.806859181812312,2
263,-0.806874855635072,2
264,-0.785534680659874,1
265,1.83194492131541,2
266,4.87508686066438,3
267,-1.49461631904507,2
268,-3.51160372218958,1
269,1.85782124241692,2
270,0.900203657260438,2
271,-1.64112944133307,2
272,0.652135347242971,2
273,4.23841205781128,3
274,3.3345303799066,3
275,4.82151819775645,3
276,0.274033057318019,2
277,-1.56796313114203,2
278,-1.05839965003638,2
279,-1.07276863866058,2
280,-5.01251977795928,1
281,-3.42442499673351,1
282,-0.871752081481623,2
283,-3.0775389667912,1
284,-3.10555990879448,1
285,-3.43682997691312,1
286,2.73600285291216,3
287,4.68533350751689,3
288,-0.747612474183573,2
289,-2.69884663783329,1
290,-0.303311953367009,2
291,-2.66609705750077,1
292,-2.54849594692079,1
293,0.172215159503044,2
294,1.86640407660091,2
295,0.578400488855279,2
296,0.105181865810994,2
297,0.524438185756302,2
298,-1.00812452022021,2
299,-1.02634997767561,2
300,-3.00358030839978,1
301,0.838568411269346,2
302,-0.227631250524715,2
303,-0.325507791607573,2
304,-2.41001732063269,1
305,4.1096292550283,3
306,-0.782293586541174,2
307,-3.05605594618627,1
308,-0.231969495130984,2
309,2.85613088783248,2
310,-3.66476943527406,1
311,-3.82341861377622,1
312,-2.88762982904888,2
313,5.53861131958462,3
314,-2.55753522785436,1
315,2.1511017170966,3
316,-0.152998328694666,2
317,4.51202270836095,3
318,3.69519698258215,3
319,-0.482566864635336,2
320,-0.920185436988979,2
321,-1.34835448953457,2
322,-2.00612003132012,2
323,1.62424996819665,3
324,-1.72092741679067,1
325,-2.75104056728787,1
326,-1.75629298142109,1
327,-0.133401966236383,2
328,0.586755962790902,2
329,2.63411180529688,3
330,2.89013215844717,3
331,6.08368545314788,3
332,3.01809371733121,3
333,0.0545550789313691,2
334,5.08965841440405,3
335,3.38899066234211,3
336,-1.71604298952541,1
337,-0.982946998026845,2
338,0.338341102765029,2
339,3.70494920117171,3
340,1.30756902051937,2
341,3.60908384807266,3
342,0.996451529666396,2
343,0.397608592961342,2
344,-1.45720406104054,2
345,1.29479689861677,2
346,0.0337124389773445,2
347,3.06496473974426,3
348,-3.62790607603937,1
349,-3.64368110589604,1
350,-0.735026404402801,2
351,-1.20558039559856,2
352,2.51359382414346,3
353,0.309517411997843,2
354,0.174643374960065,2
355,-0.889284398071151,2
356,-0.275673844522837,2
357,0.703787584477816,2
358,-0.081744927167929,2
359,-4.43684344365778,1
360,-1.70867669554192,1
361,-1.63186735197137,1
362,2.37805582997732,3
363,3.55786061788745,3
364,4.08826875566397,3
365,-0.857718561750186,2
366,-4.03895644030703,1
367,4.54369471024772,3
368,-0.750630548636384,2
369,-0.0920825726280635,2
370,-2.57811530672631,1
371,-0.166080566390793,2
372,0.0763983799958751,2
373,1.30055136995643,2
374,-3.62456747361809,1
375,4.31994399913145,3
376,3.79576539667431,3
377,-4.0299636420045,1
378,1.16127591931519,2
379,2.64665449374027,3
380,3.26450116207552,3
381,-2.74344051904475,1
382,4.74105001588007,3
383,-5.16454708532897,1
384,3.88420003433762,3
385,-0.973715576881434,2
386,0.578799236784286,2
387,4.9404314590432,3
388,-0.655101630091572,2
389,-0.747853894850659,2
390,-4.13558847037434,1
391,-3.96481928947957,1
392,-3.72610496490115,1
393,0.721231898711608,2
394,-2.15100317530383,2
395,0.660093459318623,2
396,-3.65801020794948,1
397,0.72019564869517,2
398,4.06804917785357,3
399,4.85464342791449,3
400,-2.5205481187598,1
401,-3.04334735434769,1
402,0.92873539670628,2
403,1.87245817496444,2
404,-4.06349790638204,1
405,-0.0628553659762234,2
406,5.62171389334205,3
407,0.623540462610103,2
408,4.17830376656988,3
409,2.00597597446416,3
410,0.384593475592194,2
411,-2.21526238484571,2
412,-3.61073725767746,1
413,-3.09741249850263,1
414,0.00951589246488358,2
415,0.397018504856981,2
416,1.59138917800586,3
417,-1.34645276532227,1
418,-0.89516798811002,2
419,3.48001674894028,3
420,3.55135515027486,3
421,-2.92203915043629,1
422,0.595038671126996,2
423,-2.38974363661862,2
424,3.81201125609904,3
425,3.77994042944187,3
426,-5.80977467896054,1
427,3.63075526380898,3
428,4.96595901538092,3
429,-3.84655551909212,1
430,4.65496913829468,3
431,4.03544836822188,3
432,0.616122843297705,2
433,4.83651710881774,3
434,4.39255473376494,3
435,-0.64970096402558,2
436,-3.30085263245286,1
437,4.32380297257694,3
438,-0.86091686566605,2
439,5.74607429293342,3
440,1.19278655796072,2
441,-0.368684340898934,2
442,-3.57585956791269,1
443,2.44613072443814,3
444,0.474898626830697,2
445,4.74609172904997,3
446,-2.93575644336996,1
447,-0.0497880401457013,2
448,0.415290004058814,2
449,1.15752258181319,2
450,-0.407847758248619,2
451,0.0447285363233251,2
452,1.51988229295041,2
453,3.63798913941066,3
454,-0.738381470699821,2
455,2.595320902607,3
456,0.78960679651976,2
457,-2.29864409843631,1
458,1.44799889338711,2
459,0.0478644721567873,2
460,3.5480649230767,3
461,-2.98933513814194,1
462,0.298465543628126,2
463,-0.279957848490363,2
464,-3.04934452973996,1
465,-2.31135974589991,1
466,-1.15613799476779,1
467,-0.140308776263568,2
468,0.0147046935473733,2
469,-1.3844546767928,1
470,0.412336687584628,2
471,-3.40288483529908,1
472,-4.25127136162494,1
473,5.31101143367217,3
474,3.95020846975922,3
475,1.65794005899899,2
476,-0.045195276933462,2
477,0.417823594928106,2
478,0.81272922619384,2
479,-2.53096804404458,1
480,-3.42249683233962,1
481,0.0112920285614735,2
482,0.968502349122963,2
483,-0.191218200356621,2
484,-1.27578726414557,2
485,-2.9152627078028,1
486,0.760383157988027,2
487,0.997867271421821,2
488,3.70585031973717,3
489,4.01037648463632,3
490,-0.524706366281828,2
491,-0.163795855729233,2
492,-0.0858915513421521,2
493,-3.47040887474286,1
494,4.35000252106422,3
495,-0.824293327671809,2
496,-0.114825038985959,2
497,-1.09939099821092,2
498,0.635331325238311,2
499,-1.01022823332762,2
500,-0.7490257660595,2
501,-3.04856835275629,1
502,-0.418445671108985,2
503,0.691599611796066,2
504,3.15001076831353,3
505,-3.29448178635178,1
506,4.58319480393086,3
507,2.5870627791129,3
508,2.97849515922148,3
509,-0.806409930935745,1
510,-1.53059525910518,2
511,-1.42008804484053,2
512,3.0855140730232,3
513,-0.330111226268629,2
514,-3.7743152495881,1
515,2.68077152817152,3
516,0.186757338051538,2
517,-3.73657823227187,1
518,3.5448889173758,3
519,-3.83106222228174,1
520,4.1532600291118,3
521,4.33222337659177,3
522,1.90461769269349,2
523,-3.82947761162452,1
524,-4.6633605848706,1
525,3.3924616199552,3
526,-0.364166389785408,2
527,-3.03357177183752,1
528,-0.315117614832637,2
529,-0.104238754894299,2
530,1.98413193716878,2
531,0.144196262966656,2
532,-0.0495199836081726,2
533,-3.19589885606638,1
534,2.7799919431843,3
535,1.70332330212618,2
536,-1.29503270099671,2
537,-1.90316098685065,1
538,1.05979348073025,2
539,3.68637890050926,3
540,-4.70296483514544,1
541,-0.575510858838467,1
542,4.72803235487928,3
543,3.83553178369448,3
544,-0.256257861475329,2
545,-4.79913645176587,1
546,1.19358200831037,2
547,-1.22114388139346,2
548,-0.0729116390239619,2
549,0.411350679073257,2
550,2.89511085617222,3
551,-2.94398326672504,1
552,-3.8235167265187,1
553,-0.999154704327225,2
554,0.0367601401988459,2
555,-2.31866188966679,2
556,0.335644763865137,2
557,5.12471974763691,3
558,-0.525294572640387,2
559,1.0929718962791,2
560,-0.107399749074144,2
561,0.0332240411790732,2
562,1.74769498790242,2
563,-2.78384745819877,1
564,-2.46841353318467,2
565,-1.68567933408057,1
566,0.00114037939802183,2
567,4.28137633105381,3
568,5.91165512857432,3
569,-3.78490446945708,1
570,3.91813466371018,3
571,-5.0376824944408,1
572,-3.63569453113499,1
573,5.823191510187,3
574,3.43404575248264,3
575,-3.58050349672195,1
576,0.609824296161446,2
577,-1.45085080828598,2
578,-3.95784939215067,1
579,4.74007423862999,3
580,-0.337547843522416,2
581,1.62365925222734,2
582,1.15660906509776,2
583,-4.2198100315169,1
584,-3.05732410384778,1
585,-1.29269780618488,2
586,3.06653837786576,3
587,-2.79985312472524,1
588,2.73212077172274,3
589,3.08831346483274,3
590,-0.540183615684979,2
591,-0.0614644550457881,2
592,-3.788621970854,1
593,-0.0767884500373738,2
594,-3.70414033721796,1
595,-0.787263734815161,2
596,-0.431592781758358,2
597,0.0810471058153915,2
598,-0.234463430687309,2
599,3.86239395696189,3
600,3.4208460606761,3
601,-2.082825082359,1
602,-1.46661662751573,2
603,-0.0128416593054387,2
604,4.42255025625999,3
605,-0.197270203079809,2
606,3.86791257978548,3
607,0.169278549215246,2
608,0.482758608560415,2
609,-4.88143147027555,1
610,0.612873622598499,2
611,0.974334700699356,2
612,3.15795903439869,3
613,0.994200366161547,2
614,-0.153233959963218,2
615,2.29623097778563,2
616,3.65989530715983,3
617,5.1109469393458,3
618,-1.35723063236369,2
619,-1.02579127077834,2
620,-0.135711564020889,2
621,-3.14461107013552,1
622,-3.78498930533731,1
623,-3.53293473732348,1
624,-0.0250080580964582,2
625,0.764942458548993,2
626,5.01462392366859,3
627,0.467805602966812,2
628,0.988291199131346,2
629,0.0423672998562453,2
630,-0.0248566438012167,2
631,-2.53147487746985,1
632,-0.169301386573387,2
633,2.98335808477529,3
634,0.748586771913576,2
635,4.52434866725987,3
636,-2.03056560429074,1
637,-0.396963325733646,2
638,2.45245955938105,3
639,4.30424454410254,3
640,4.35056324634341,3
641,0.591140522435689,2
642,4.97132039080097,3
643,0.827193177842784,2
644,-1.9504592870023,1
645,0.777969495009857,2
646,0.751196527199891,2
647,-1.99240794016727,1
648,-0.16245267962003,2
649,-0.655267139665184,2
650,4.49236345455528,3
651,-4.0585905359484,1
652,0.733028625007077,2
653,-2.85819254077955,1
654,0.920033349469812,2
655,0.473075498900474,2
656,-4.12067849929142,1
657,4.5395254174897,3
658,-1.57125070163983,2
659,-4.71448769637948,1
660,2.23177009882985,2
661,0.474874628893388,2
662,3.47017520773824,3
663,-1.01348118369913,2
664,-3.50907040413727,1
665,-3.75698135694602,1
666,-1.10917311375928,2
667,3.08376541371694,3
668,-4.3538343357226,1
669,-3.99292834975601,1
670,-1.58489760807918,2
671,-1.93022537849204,2
672,4.77649922973101,3
673,4.6885326054654,3
674,1.92830710194842,3
675,-3.82125854352942,1
676,-1.44068097826971,2
677,-1.49734909156591,2
678,5.41746832526845,3
679,-2.04744347537248,1
680,-1.35915383402251,1
681,3.28515987548141,3
682,-1.53376001755048,2
683,-1.77543968792584,1
684,-2.66779742104988,1
685,-3.0393923499715,1
686,-3.13180279304118,1
687,4.94281199541893,3
688,-3.28039533517025,1
689,5.00157006052556,3
690,1.43577886180154,2
691,0.379546198219388,2
692,-0.674439400656587,2
693,-0.347424126184933,2
694,4.20030619666045,3
695,-2.76126826488856,1
696,0.169888599035472,2
697,0.788320444546589,2
698,-0.17446224484665,2
699,-2.58101759507554,1
700,-0.183915723977622,1
701,-4.18279950678248,1
702,-3.39068497863898,1
703,3.51782017194364,3
704,-2.73963850926344,1
705,-1.20877889007238,2
706,0.922335674092897,2
707,-1.26904616094272,2
708,4.67008315498445,3
709,0.0183160017591458,2
710,3.54529342145827,3
711,-3.07562508077984,1
712,0.661118609918134,2
713,-3.31147454545613,1
714,-2.77144302673781,1
715,-0.635206048873192,2
716,2.87248487476793,3
717,-3.32635357190827,1
718,-0.0829221120128502,2
719,-0.367948182290833,2
720,5.11504094238332,3
721,-4.72830451532074,1
722,0.631846158956852,2
723,-0.0689971962824077,2
724,3.80043819134197,3
725,3.61233430998294,3
726,-0.608148531230079,2
727,-0.802419608349066,2
728,-0.245585632015596,2
729,-1.81625408772016,1
730,-1.15635445995994,1
731,4.71766890573941,3
732,-2.17916528120393,2
733,-1.87964497157389,1
734,-2.03214079005294,1
735,-0.556531541211859,2
736,-3.35997511794306,1
737,2.16806893528929,3
738,6.06552607354441,3
739,-0.804394854725982,2
740,-1.95942654428062,1
741,0.68916731902298,2
742,-1.58133763297504,2
743,4.25930414087694,3
744,-0.202992795359762,2
745,-1.11026361719629,2
746,-0.61828724139115,2
747,-4.03995504376619,1
748,-4.40349008471503,1
749,-1.84896237409649,2
750,-0.940039838457001,2
751,0.162420018098686,2
752,-0.545911952356732,2
753,-2.35165264877592,1
754,-0.0125469747796106,2
755,-1.9596229806593,1
756,0.772936378152902,2
757,4.09461428819022,3
758,0.917096497774865,2
759,4.84202004740575,3
760,5.10391731154999,3
761,4.42116032139351,3
762,-3.24309820958509,1
763,0.732306087714431,2
764,-1.27915068350192,2
765,-1.88057396502837,2
766,4.31869462389525,3
767,0.600073975344566,2
768,-0.295900576371233,2
769,-0.501703223407696,2
770,-3.79676893031101,1
771,4.85310228840386,3
772,-2.14638433321693,1
773,2.30317088546933,3
774,4.67028624317667,3
775,-0.989657753295806,2
776,-0.301931767961413,2
777,0.280998469151164,2
778,-3.66530279556016,1
779,0.167576337238251,2
780,-1.03428012006976,2
781,2.95496674315139,3
782,-1.76532986010083,1
783,3.14053699683362,3
784,-1.90333836689645,1
785,4.00465431422434,3
786,-0.678807618879959,2
787,2.12042908824137,3
788,-0.169009987214824,2
789,3.52461114306321,3
790,3.09013483878976,3
791,-1.65737607999392,1
792,-0.11136038635232,2
793,4.93631735652698,3
794,4.90721798141665,3
795,-0.434114796822793,2
796,-1.14694954858439,2
797,-0.158338330946089,2
798,-0.54611202207988,2
799,2.78474086129743,3
800,-2.52386672169737,1
801,-1.32163677757622,2
802,-3.1553453471444,1
803,-0.973213955735574,2
804,-0.686626008241128,2
805,-1.63237192678704,2
806,-2.57635495442774,1
807,2.9339073540373,3
808,-2.17214745488286,1
809,0.709899292255341,2
810,0.136714574061142,2
811,0.630115626366462,2
812,-2.01394177893975,1
813,4.93815589212996,3
814,0.326097975989528,2
815,-3.69246514530277,1
816,-4.14331625591094,1
817,0.288344272967324,2
818,0.0121705199650967,2
819,-0.988707020154374,1
820,-4.2847157223178,1
821,-1.83044612088624,2
822,2.03465321892986,2
823,-3.13775012694923,1
824,-0.0286450610862932,2
825,-0.457880856793051,2
826,-5.16841774734701,1
827,-0.427571822018134,2
828,0.225096459642073,2
829,4.37335796340767,3
830,-3.98844292238321,1
831,-4.39527434979947,1
832,4.22361248173438,3
833,5.98312504230562,3
834,-1.70457420916869,1
835,5.81612262417402,3
836,-1.68217911628852,1
837,-0.273224175602157,2
838,-3.83010857432699,1
839,4.63373491211876,3
840,-1.54881651115628,2
841,4.24316180486845,3
842,-1.75644462967178,2
843,3.31711603516567,3
844,-2.68954991945835,1
845,0.595069071311139,2
846,-0.713746556369175,2
847,0.404704323369995,2
848,-2.85358282133204,1
849,0.0995746809256668,2
850,0.489185585613409,2
851,-0.273216955429388,2
852,4.10326616984398,3
853,0.592497104156848,2
854,-0.267426358619252,2
855,-0.0841799664768694,2
856,0.934481958737551,2
857,-2.62183222779149,1
858,0.0392422368472649,2
859,-0.972899813011442,2
860,0.621993832386204,2
861,-0.728253258423636,2
862,3.7060513649547,3
863,-1.79943951694229,2
864,-1.37830797006746,2
865,0.257065337064977,2
866,-1.28899268625967,2
867,-1.14902611060112,2
868,0.822378750667808,2
869,-0.163941021677803,2
870,-2.66795823659219,2
871,0.811116122781701,2
872,-0.298508586975253,2
873,0.188237618848249,2
874,-3.90209800853946,1
875,-0.797742789296458,2
876,3.96635145491144,3
877,-1.56168905216946,2
878,-1.63934755146999,1
879,0.653823170914733,2
880,0.476396540102074,2
881,-0.908501501508117,2
882,-2.82519729983874,1
883,-3.19981978443494,1
884,-0.548026711622978,2
885,0.246449258206672,2
886,-4.09086876180262,1
887,-3.833843580535,1
888,-0.714736528438557,2
889,-0.78294431746214,2
890,3.4041762534706,3
891,-1.08880098387599,2
892,0.649848845025497,2
893,3.50241218225326,3
894,3.61600253341022,3
895,0.0550690875835368,2
896,-0.0706717227085059,2
897,-0.624943399041277,2
898,-1.32894517113706,1
899,2.84825952530186,3
900,1.95433302224788,3
901,-1.02891451104272,2
902,-1.629996006029,1
903,-3.44493254404237,1
904,-0.379227415297271,2
905,1.48101859708601,2
906,2.98384814533545,3
907,4.68393246058142,3
908,6.33868080330414,3
909,2.90613926118107,3
910,-1.71753992490193,2
911,0.261131714601403,2
912,1.91312201059354,3
913,-2.56118129928555,1
914,-1.47090759206017,2
915,-0.946189816730987,2
916,-3.5309065221703,1
917,0.33137935811481,2
918,5.19563141952012,3
919,-1.91522491013935,1
920,-1.4754551209871,2
921,5.87925888033808,3
922,7.39789410326659,3
923,-0.123067474017374,2
924,-1.16898434302642,2
925,-0.315700054170456,2
926,1.63616438658732,2
927,-0.265667025139044,2
928,-3.4356454696919,1
929,5.03018952702862,3
930,3.95705535443704,3
931,-4.05501704260268,1
932,0.982565049225279,2
933,2.66141029427409,3
934,4.03998186877328,3
935,-2.87496611633489,1
936,-0.531111479264658,2
937,-0.369025392459956,2
938,-3.36835257512651,1
939,0.614481250043309,2
940,-1.00677729019296,2
941,0.145161086801629,2
942,-1.5172073063295,2
943,3.87656900275133,3
944,-0.751552073945755,2
945,0.569773368026909,2
946,4.33320412017469,3
947,-0.231322401662488,2
948,4.26073628635401,3
949,-1.11691813121359,2
950,-3.75268896821774,1
951,0.458505667493202,2
952,-2.69815327943656,1
953,5.21839519631881,3
954,0.790371602039116,2
955,0.592403021321262,2
956,-0.813600361014787,2
957,-1.94585208981637,2
958,3.93070899875163,3
959,0.941877253616567,3
960,0.987465824766583,2
961,-2.00973775395577,1
962,1.22277702922995,2
963,3.41863577442397,3
964,-2.74311629084347,1
965,0.416279250424195,2
966,-0.13245101256043,2
967,3.17792890038065,3
968,0.953601027080163,2
969,-0.040245432814847,2
970,3.78940060284028,3
971,3.04211391364725,3
972,-1.08947042324526,2
973,-2.08503468168596,1
974,-1.06556590016621,2
975,-0.22090964246246,2
976,0.184197119538614,2
977,0.150213367683698,2
978,-0.350253492754211,2
979,2.89758072599576,3
980,-0.93436541172637,2
981,-2.48986745312134,1
982,1.33897466777892,2
983,-0.0762502507946753,2
984,0.651828959763116,2
985,-0.0158765401725333,2
986,-1.27294850421318,2
987,2.23816322683861,2
988,-4.04168885898951,1
989,-0.885321526657093,2
990,-2.95306763199848,1
991,-0.848389891350233,2
992,0.201997905093491,2
993,-0.0997203693834033,2
994,0.543143182334588,2
995,-0.206189006457514,2
996,-2.1669918070516,2
997,-1.05980397324969,2
998,1.23610916552029,2
999,4.14685836448858,3
1000,0.702250024275934,2
1001,0.571634626645242,2
1002,3.20410197109746,3
1003,2.79507626014272,3
1004,-1.55689603224039,2
1005,-3.29071598924087,1
1006,-2.11750678960205,1
1007,-2.44585606743062,1
1008,1.26631293072596,2
1009,0.819982366814568,2
1010,-3.8186697775198,1
1011,5.01407224206668,3
1012,0.884637768598395,2
1013,0.509764084775349,2
1014,-4.09713964993245,1
1015,-2.4942998680694,1
1016,-1.47609803629455,2
1017,-0.0480641732276498,2
1018,5.12400655516941,3
1019,1.0059799101164,2
1020,-1.78998948955974,1
1021,-2.94423522538748,1
1022,6.05156536164808,3
1023,0.489112200603266,2
1024,0.519814270578053,2
1025,0.035233598674866,2
1026,-1.43228325005065,1
1027,-1.37496040815191,2
1028,4.41804983338612,3
1029,4.8844977993103,3
1030,1.38068758134306,2
1031,-1.74325217964295,1
1032,1.43773515097209,2
1033,0.659617730648756,2
1034,-1.06872802248799,2
1035,3.40657874967541,3
1036,3.55548845127799,3
1037,-0.369768085870647,2
1038,4.05200123489416,3
1039,-2.17699358942494,2
1040,-1.84208953343136,1
1041,-0.644419619223862,2
1042,4.19619818220357,3
1043,4.79452444038955,3
1044,-4.11677637555443,1
1045,-4.96708768381011,1
1046,-3.56610933289597,1
1047,4.35737133732123,3
1048,0.420695958687057,2
1049,-1.9490096977888,2
1050,0.563262281636034,2
1051,-0.132608781527953,2
1052,-0.33652133756092,2
1053,-2.63498124856696,1
1054,0.0938221556594885,2
1055,-4.05960960299357,1
1056,-0.205826417782953,2
1057,-0.698403948311628,2
1058,-0.656089810469421,2
1059,-1.85374002673502,1
1060,4.1479448529194,3
1061,1.53823566132278,2
1062,-0.572805931639577,2
1063,1.93266550607338,2
1064,2.27469697169179,3
1065,-0.379907282555215,2
1066,0.952372185422378,2
1067,1.82044923142055,3
1068,0.901634040871823,2
1069,4.35726779156207,3
1070,-2.32835963269809,2
1071,2.18361574086071,3
1072,-1.22855665934927,2
1073,3.21369191885276,3
1074,-0.878539839568099,2
1075,-0.644265584699205,2
1076,-3.97400958280409,1
1077,4.10887346516009,3
1078,0.033536995485771,2
1079,-2.33607288959639,1
1080,0.70775212141734,2
1081,-4.29200907676331,1
1082,0.556979381175099,2
1083,5.50970573441613,3
1084,-3.70180443353861,1
1085,0.254340425178138,2
1086,-2.12706833614454,1
1087,0.788390456341582,2
1088,4.04855345183354,3
1089,4.27264707224727,3
1090,4.07119796751373,3
1091,-1.48078228861182,1
1092,3.23390557166976,3
1093,4.3901125468892,3
1094,5.34542640770443,3
1095,0.567101587438084,2
1096,-3.86032574142306,1
1097,-5.50791780219725,1
1098,-0.424865175188582,2
1099,0.654270193041473,2
1100,-3.95161856726502,1
1101,0.245466542402521,2
1102,-3.52323215438012,1
1103,-0.246528493011147,2
1104,-0.488032453801593,2
1105,2.29331609163319,3
1106,-0.591002484435829,2
1107,-2.81115068494337,1
1108,0.570006842576199,2
1109,4.44078749723585,3
1110,-1.67893073277849,1
1111,-2.96221160082892,1
1112,4.51190270301045,3
1113,-0.170650755658055,2
1114,4.40949575335893,3
1115,-0.551874495500953,2
1116,-1.5509775524795,2
1117,2.01685395284189,2
1118,-3.02179453996089,1
1119,5.7603031186228,3
1120,-2.6897697439391,1
1121,-1.42726744709521,2
1122,1.14134489632312,2
1123,0.849550949134466,2
1124,-1.4864914283609,2
1125,-2.56632397940339,1
1126,1.45374084383311,2
1127,0.0464198809005516,2
1128,0.500876131100523,2
1129,-4.77997728796762,1
1130,-0.0697608087205683,2
1131,-1.50681515937228,1
1132,-2.9927099096831,1
1133,-1.2508442776012,2
1134,-0.42620110290016,2
1135,0.891898666517829,2
1136,-2.97532501717386,1
1137,5.2293183188215,3
1138,-0.70459579703588,2
1139,0.566919054335015,2
1140,-2.18360802106104,1
1141,0.846335475711249,2
1142,3.15553561065218,3
1143,-1.52463453962983,2
1144,3.75838949744072,3
1145,-0.52532183465562,2
1146,5.08651270664772,3
1147,-0.0827812044442989,2
1148,-2.77270807832706,1
1149,-3.48431908756566,1
1150,1.08344626295578,2
1151,-4.65349263659697,1
1152,4.76506833850674,3
1153,4.12565855884988,3
1154,0.305685155514337,2
1155,-0.966094459928818,2
1156,-2.23199228628279,1
1157,0.185919886253164,2
1158,-1.20180700028455,2
1159,-0.773312386463012,2
1160,0.857005905130621,2
1161,-1.39454099422648,2
1162,-0.384610792994895,2
1163,-0.0954300964622639,2
1164,1.02230365754448,2
1165,5.96302900357277,3
1166,3.9838197404366,3
1167,2.71016063149287,3
1168,-0.62855819418915,2
1169,0.0324641118561838,2
1170,-1.01225264903812,2
1171,-0.27844094049977,2
1172,-0.0573442273899277,2
1173,2.99424915005914,3
1174,-3.45399770063868,1
1175,0.633189247403892,2
1176,-0.275341374300189,2
1177,-2.88931728405488,1
1178,3.9223369493634,3
1179,1.30496154444897,2
1180,3.79096574662448,3
1181,0.0697747577746106,2
1182,1.25804225002658,2
1183,1.11488218107788,2
1184,-4.31080153332797,1
1185,0.161990769974966,2
1186,2.65027083062587,3
1187,-2.66737826852961,1
1188,1.56281342990307,2
1189,-0.615504417156263,2
1190,-3.27396237477518,1
1191,-3.77618389046246,1
1192,3.92801785167068,3
1193,-0.707935194370651,2
1194,4.39984948590536,3
1195,-0.345802025216759,2
1196,-3.78623591999471,1
1197,0.334886687130995,2
1198,3.68205530005796,3
1199,2.25025481011343,3
1200,-3.33312090122395,1
1201,1.3043064867744,2
1202,-0.135914238141756,2
1203,-0.679396333414171,2
1204,-4.8636669824956,1
1205,0.753420372173012,2
1206,-0.526348401440748,2
1207,-2.39929117632758,1
1208,4.27321984540636,3
1209,0.268663524214536,2
1210,-0.873192571887215,2
1211,-0.0403492698725768,2
1212,1.85637923777414,3
1213,3.62137200271445,3
1214,0.390476535369779,2
1215,-0.505063521990801,2
1216,1.14401684592874,2
1217,1.9339760818559,3
1218,0.0578393567246293,2
1219,0.31506322224832,2
1220,-4.99258577123914,1
1221,-0.00953732033365802,2
1222,-1.23126609336929,2
1223,-2.81294885344599,1
1224,-0.627184549894849,2
1225,0.419863624728317,2
1226,0.61107487220231,2
1227,-0.178191822257626,2
1228,1.25015505558455,2
1229,2.05476070604651,2
1230,1.01468792813211,2
1231,0.240160911305288,2
1232,1.09417150104969,2
1233,-0.676675596367901,2
1234,-0.517633734430542,2
1235,-0.645806382206571,2
1236,-1.11020718374346,2
1237,4.35584295357036,3
1238,2.87896373679079,3
1239,-4.65314902448089,1
1240,3.74631587722769,3
1241,-0.465705956438507,2
1242,-1.04530027352358,2
1243,5.02393205458164,3
1244,0.0816606719445841,2
1245,0.29051744331853,1
1246,-2.57520021761098,1
1247,-0.841286186141907,2
1248,-1.20125122199509,2
1249,-0.175648234059894,2
1250,2.812800233708,3
1251,1.28520823436664,2
1252,0.834371493937897,2
1253,2.82783935077606,3
1254,-3.27205726856659,1
1255,4.06157949307527,3
1256,-4.25864862806017,1
1257,-2.00020298785555,2
1258,-1.64010000474981,2
1259,2.01711499309444,3
1260,0.0993084268808665,2
1261,0.391491958293694,2
1262,0.479094516876518,2
1263,-0.871469943087802,2
1264,4.161522012874,3
1265,-2.39864015611887,1
1266,-2.18037186249626,1
1267,0.798793711024647,2
1268,0.357690960412707,2
1269,-0.980103654491157,2
1270,-0.922585422453901,2
1271,4.62259512591895,3
1272,-2.14847531849382,1
1273,0.21519900561093,2
1274,5.1234220425164,3
1275,-4.15122133494359,1
1276,1.30924048218871,2
1277,0.164234131281736,2
1278,-1.23009589011064,1
1279,-1.8163370958066,2
1280,2.74010613909149,3
1281,0.229785936335843,2
1282,-0.425230228920035,2
1283,-1.36094809124844,1
1284,-5.6040381706071,1
1285,4.39475083701955,3
1286,-1.16228473907955,2
1287,-0.465325060092531,2
1288,-0.558228173337348,2
1289,1.96644490090347,2
1290,-3.64704563131827,1
1291,3.48181155911134,3
1292,-2.8191779892878,1
1293,5.93685825415602,3
1294,5.59687567752888,3
1295,1.55853740384044,2
1296,-1.61012301596989,2
1297,-2.51726099182417,1
1298,0.823616626218353,2
1299,3.19586862834174,3
1300,5.51049750921047,3
1301,0.283358694174729,2
1302,-0.349143907623776,2
1303,4.51472868705439,3
1304,-0.686687437166656,2
1305,-1.51188007161684,1
1306,-4.66747509758566,1
1307,0.85003977821244,2
1308,-0.286765201435186,2
1309,1.02507875746981,2
1310,-3.6537798247601,1
1311,-1.99426147553774,1
1312,5.25192097145159,3
1313,-0.723090852254389,2
1314,-3.21017015962166,1
1315,3.89196406191628,3
1316,-1.09414715458447,2
1317,3.84458896382879,3
1318,-2.49168698142231,2
1319,-0.833687266772298,2
1320,3.25260944470138,3
1321,0.37954174704255,2
1322,0.637717307425325,2
1323,1.63464035479982,2
1324,-1.04154107009828,2
1325,4.25192585865046,3
1326,1.99932771142157,3
1327,-3.20179666491333,1
1328,-3.45839013909239,1
1329,-0.34922956089912,2
1330,0.489780626058942,2
1331,4.65961545193295,3
1332,-2.89276496524524,1
1333,-0.927846619109304,2
1334,-2.12174958381515,1
1335,0.270847411651089,2
1336,3.33658939114346,3
1337,0.095682588507896,2
1338,4.57552464340263,3
1339,-3.8525256703145,1
1340,-1.68758702356649,1
1341,0.214394673940768,2
1342,0.153593751976728,2
1343,-0.80939744578196,2
1344,-0.0494673636566712,2
1345,3.96856972698187,3
1346,0.390901574111322,2
1347,-2.7731479964327,1
1348,3.04670778120064,3
1349,-4.60083999637529,1
1350,-3.94540883112389,1
1351,0.490961412826035,2
1352,3.61152140098787,3
1353,2.70536794601381,3
1354,4.30924900976527,3
1355,3.79622875772397,3
1356,2.67605708204829,3
1357,-1.91825815182088,1
1358,-1.23629565562561,2
1359,-1.18492733798134,2
1360,-2.85872401955431,1
1361,0.173952590312354,2
1362,-3.84970434603358,1
1363,-3.07248690995196,1
1364,-4.45408914493424,1
1365,1.39052776902899,2
1366,5.22445816022472,3
1367,-2.89280959298385,1
1368,3.08732269630006,3
1369,2.87916514692877,3
1370,-0.949700113905872,2
1371,1.00041045730859,2
1372,-1.63061233045467,1
1373,-4.86058762981445,1
1374,-4.82489758417833,1
1375,0.329541739887292,2
1376,5.22649315953572,3
1377,-1.36184763274346,2
1378,-3.50725443408163,1
1379,3.94423840323779,3
1380,0.647746596960509,2
1381,2.09968009783816,3
1382,4.28847810200592,3
1383,4.08727396694086,3
1384,-3.99369859109871,1
1385,0.098489648944743,2
1386,3.75746513951656,3
1387,-5.01286872832228,1
1388,-2.1166971800513,1
1389,-0.262678090014843,2
1390,4.00937465255439,3
1391,-0.60968661305008,2
1392,0.470499873769073,2
1393,-1.2590274729358,2
1394,5.21066768839645,3
1395,-3.41306920783703,1
1396,4.06773525499544,3
1397,-2.29081437874662,1
1398,-0.809396597344662,2
1399,-0.198507455577018,2
1400,-2.44479593813658,1
1401,1.71226784466114,2
1402,4.37997009116542,3
1403,0.451812412176331,2
1404,4.72653242601801,3
1405,5.22967981091528,3
1406,-3.11968966413311,1
1407,-3.5269251761256,1
1408,-1.06976068195843,2
1409,3.88356218604656,3
1410,4.20882939582975,3
1411,1.4098008988475,2
1412,6.75417077742337,3
1413,0.193770942237221,2
1414,1.05901879902439,2
1415,1.099134416359,2
1416,-5.07075107054196,1
1417,5.35189190348714,3
1418,-0.575375757570541,2
1419,0.378460412533289,2
1420,3.70613733335092,3
1421,-0.404901407269793,2
1422,-3.09616320107997,1
1423,-0.301643044859894,2
1424,-2.54804788326335,1
1425,-0.686447850288122,2
1426,1.23287586812319,2
1427,0.841849795634129,2
1428,0.798316598496388,2
1429,-1.27914012290609,2
1430,-2.14479779493581,1
1431,-0.997517269707171,1
1432,-2.42718847014041,1
1433,0.511162949780878,2
1434,2.63469302085244,3
1435,0.0286581970792618,2
1436,-0.718033044273006,1
1437,3.92137899965932,3
1438,0.849013844908703,2
1439,-4.07790734011295,1
1440,-4.71037966639463,1
1441,-1.43064062509921,2
1442,4.78903388790781,3
1443,-2.32930403126607,1
1444,-2.60827945214191,1
1445,-0.814155313856356,2
1446,-1.24918244905993,2
1447,-0.0502489767645623,2
1448,-1.48223225272895,2
1449,4.91628700205461,3
1450,4.09794017358318,3
1451,5.2511625108288,3
1452,3.83391627423698,3
1453,-0.360558619329931,2
1454,4.78597928767706,3
1455,1.02541957291262,2
1456,-0.997604371919908,2
1457,-4.15591652508367,1
1458,2.88021708645331,3
1459,3.47487551320808,3
1460,3.77724252097228,3
1461,0.286838523204975,2
1462,4.1216226428943,3
1463,-4.68669331074241,1
1464,-3.52693532137732,1
1465,-2.46701071317352,1
1466,0.546711841395066,2
1467,1.13308270961088,2
1468,-3.27845402496359,1
1469,-0.10976677752305,2
1470,1.54571970712446,2
1471,0.0174532471596551,2
1472,-0.634944467997189,1
1473,0.189950552175206,2
1474,-0.233948301011858,2
1475,1.9314386274796,2
1476,1.12771797949832,2
1477,5.9541579949905,3
1478,1.50662404051982,2
1479,-5.09481463432023,1
1480,-0.416915573563024,2
1481,-1.87734578374033,1
1482,-3.10578416764975,1
1483,0.503797531825137,2
1484,3.43715583346776,3
1485,0.118175117960979,2
1486,3.28208443451929,3
1487,0.212001873527642,2
1488,0.892124362277247,2
1489,-0.351222832836138,2
1490,-2.41016407704124,1
1491,-2.97806893718162,1
1492,4.33245788492312,3
1493,-2.54376359682019,1
1494,-3.35159188887918,1
1495,1.56248932236582,3
1496,-3.46103833888435,1
1497,-0.727834639228732,2
1498,-2.73216498466832,1
1499,2.227529683524,2
1500,0.863724842718663,2
1501,1.02136477352952,2
1502,3.51857781711238,3
1503,-1.49124250514145,2
1504,2.07554917645169,2
1505,0.556373474234109,2
1506,4.78455497298849,3
1507,-2.45949733908492,1
1508,-1.90342670044957,2
1509,0.895706193348967,2
1510,1.61395858579347,2
1511,0.411464908515078,2
1512,1.11522864969301,2
1513,0.661712776915951,2
1514,-2.36991902344837,1
1515,-3.68685285189353,1
1516,1.67550108311101,3
1517,0.791319019046476,2
1518,0.0730709155813911,2
1519,-3.04704934665313,1
1520,-4.36483169721432,1
1521,5.60017748706764,3
1522,-0.333022248776666,2
1523,-3.53134691949055,1
1524,-2.00434764907113,2
1525,1.0557282438841,2
1526,-0.215800723580408,2
1527,-2.15498699593256,1
1528,-3.77421754389619,1
1529,4.10703527152754,3
1530,0.0131204272854507,2
1531,0.231803133441912,2
1532,-1.11134482368691,2
1533,1.97692133688181,3
1534,0.361853678481415,2
1535,1.94661810026563,2
1536,1.23530940701422,2
1537,5.31922969719972,3
1538,4.34984755487834,3
1539,3.21500813322969,3
1540,-4.16618980661084,1
1541,0.447833087822636,2
1542,-2.60560515201942,1
1543,-3.59189210221281,1
1544,5.09714462547287,3
1545,2.4449902688765,3
1546,1.30768999356293,2
1547,-1.09280444405995,2
1548,0.840061158464551,2
1549,0.124378266479307,2
1550,3.15934465030158,3
1551,-2.17888814026259,1
1552,-0.732733102643874,2
1553,0.561899116459364,2
1554,5.53418047597992,3
1555,-1.59146442510994,2
1556,0.127656676246875,2
1557,-2.31386474470113,1
1558,-0.0776550413999491,2
1559,0.0586833054415583,2
1560,-2.57183323502949,1
1561,-3.75751016069585,1
1562,3.37090074013049,3
1563,-3.28477300705101,1
1564,-2.64114427690685,1
1565,4.72071744873105,3
1566,-0.533984057229936,2
1567,-1.11424805110528,2
1568,0.28009914866019,2
1569,0.714293426935859,2
1570,1.01900809628437,2
1571,-0.566592582056899,2
1572,5.14247427213288,3
1573,3.94608955182977,3
1574,1.44106491661778,2
1575,-0.891613786810676,2
1576,3.24252709605814,3
1577,1.65773610024556,2
1578,-2.2167224896978,1
1579,5.24234024306672,3
1580,0.723395005549954,2
1581,0.314724390171351,2
1582,3.04051298410043,3
1583,0.203619661886632,2
1584,-0.644140130297112,2
1585,-1.93698221070526,1
1586,-0.96828360146562,2
1587,-2.91079277692671,1
1588,0.223655476773407,2
1589,-1.00232204198398,2
1590,-0.948535060055103,2
1591,-2.71639977419938,1
1592,3.9093453610757,3
1593,0.599403302695779,2
1594,4.79568525238738,3
1595,-1.94829872982463,1
1596,3.80645727621049,3
1597,5.50826341076935,3
1598,3.77350680871795,3
1599,-0.852178292364297,2
1600,3.65243108765246,3
1601,4.54114662581935,3
1602,1.30512922116238,2
1603,0.139424305372722,2
1604,0.410650514231095,2
1605,-0.317376455269396,2
1606,0.600218839205042,2
1607,4.33147856134175,3
1608,2.97619006140148,3
1609,-0.495790294461392,2
1610,4.183730179476,3
1611,3.26950822384758,3
1612,3.95924322643429,3
1613,-3.0347420615313,1
1614,0.734458203312735,2
1615,0.23852639929048,2
1616,1.28164889939765,2
1617,1.63205862988908,2
1618,0.917362355389143,2
1619,4.00228251652674,3
1620,-1.02429911136656,2
1621,0.0258032078374534,2
1622,2.74063964672281,3
1623,0.689808756238025,2
1624,-2.46385102421428,1
1625,-0.910780798192153,2
1626,3.66981754409864,3
1627,-3.28033496991236,1
1628,-0.806275012776523,2
1629,4.97461242006934,3
1630,-4.02600444830724,1
1631,-0.997512301769355,2
1632,0.198195563814535,2
1633,-1.82927089117215,2
1634,-1.72636125386664,2
1635,1.33573646703799,2
1636,3.81241969894498,3
1637,-2.28772954414622,1
1638,3.35200073017877,3
1639,-2.70091309666385,1
1640,0.60325701978901,2
1641,4.02486419143665,3
1642,0.0269243053279024,2
1643,3.73854710431808,3
1644,0.19642414887758,2
1645,6.27094389609834,3
1646,-2.93974642392132,1
1647,0.624053470472814,2
1648,-0.254411710301793,2
1649,-0.651915887319594,2
1650,3.54314436199092,3
1651,0.490986408183824,2
1652,-1.16256526522146,2
1653,-4.03813103968721,1
1654,-2.72623350896345,1
1655,-3.22577056694282,1
1656,2.57612451284238,3
1657,-3.8959478227565,1
1658,4.79007196902725,3
1659,-0.228611237873408,2
1660,0.0337820994332734,2
1661,-0.607078196072321,2
1662,-1.46521635684288,2
1663,-0.590700483309733,2
1664,-2.90765703597954,1
1665,-1.22108962295101,2
1666,2.75421531833232,3
1667,4.33025593898986,3
1668,5.24769642363971,3
1669,2.66214844987695,3
1670,1.93184106588039,2
1671,0.218192085822206,2
1672,0.925939991622145,2
1673,0.837445481389698,2
1674,-1.0065481340292,2
1675,3.54450822145338,3
1676,-0.264020690520718,2
1677,-1.81881910856148,1
1678,-0.15997257338173,2
1679,2.02279460124328,2
1680,-0.177364947696921,2
1681,3.87073891351504,3
1682,1.7640067355719,3
1683,3.45663871426564,3
1684,-1.24072906757593,2
1685,-5.09363944995893,1
1686,3.37385542178745,3
1687,-3.82654722563679,1
1688,-0.250482018600348,2
1689,-1.42469229316252,1
1690,1.38059132989247,2
1691,4.63202084738562,3
1692,-0.21986145850709,2
1693,2.14648537964906,3
1694,-0.835230624377586,2
1695,3.05861537691909,3
1696,1.5098548579768,2
1697,-3.11635843987699,1
1698,-0.163726665585519,2
1699,5.2277428318739,3
1700,4.65045834460245,3
1701,0.226745773671931,2
1702,-0.0256507306642261,2
1703,2.95553173177843,3
1704,-2.14375790027801,2
1705,4.03005318505621,3
1706,5.07368749601421,3
1707,-0.527161039368723,2
1708,-1.74618507893007,1
1709,-0.056820381470355,2
1710,0.421688779118986,2
1711,3.79585191519766,3
1712,-0.51039563761724,2
1713,3.81609675175262,3
1714,4.03518794191261,3
1715,-0.192449574686267,2
1716,-3.026018634774,1
1717,3.30442805999045,3
1718,5.08798007516672,3
1719,-4.09278720910151,1
1720,-3.07112673372089,1
1721,-2.11882119107456,1
1722,0.334188898006935,2
1723,4.07664332305842,3
1724,-1.69882400779941,1
1725,-2.50777142993557,1
1726,-3.45441785070757,1
1727,1.43010331389261,2
1728,2.68177484987751,2
1729,3.97764544181372,3
1730,-3.45503354023883,1
1731,1.77384268160864,2
1732,0.277655959574592,2
1733,-2.92599478831504,1
1734,-4.48964408489825,1
1735,1.2527868090458,2
1736,-3.21450451539977,1
1737,0.263617951041476,2
1738,0.131430796048041,2
1739,3.0668870003178,3
1740,-3.01430741316691,1
1741,0.576012131181961,2
1742,1.59529386747203,2
1743,4.34136810749161,3
1744,-1.56959765881182,1
1745,-3.19961905055294,1
1746,-1.28391642562985,2
1747,-3.30725723298864,1
1748,1.48702703437434,2
1749,-1.12465771102114,2
1750,0.0216805208980772,2
1751,4.50495738436994,3
1752,2.84187992776735,3
1753,3.2472549414725,3
1754,-0.331369056733852,2
1755,0.218915228575553,2
1756,4.83596081540166,3
1757,-1.89098124453316,1
1758,-0.256483362676747,2
1759,-3.20944842827274,1
1760,1.2014053155918,2
1761,-1.8387107442613,1
1762,-2.50214952177076,1
1763,-1.1659802678585,2
1764,1.09974633988314,2
1765,5.31778834411764,3
1766,3.89214549316826,3
1767,0.310591488256536,2
1768,-1.96807744347393,1
1769,-1.08934616679036,2
1770,2.27820422438891,2
1771,-0.838728583550592,2
1772,1.38422224664466,2
1773,-0.895383046063281,2
1774,3.29957933684556,3
1775,-0.278202451547745,2
1776,0.377467977221097,2
1777,0.794958784716343,2
1778,3.89717119904061,3
1779,3.97392883063044,3
1780,4.98954565124727,3
1781,4.55438072402774,3
1782,-2.36343032596615,1
1783,4.83761576574417,3
1784,1.10937999763642,2
1785,0.100049582245978,2
1786,-0.407652916022205,2
1787,4.41302089455888,3
1788,-0.107980564945206,2
1789,-2.57166796052846,1
1790,-0.5438885166101,2
1791,-4.01556474815148,1
1792,1.0956475467052,2
1793,-0.747893378760637,2
1794,-1.39986064809992,2
1795,-3.95717047124229,1
1796,0.893944506694481,2
1797,-0.733647067905097,2
1798,4.45507966674138,3
1799,2.78950895769387,3
1800,-2.24359356145452,1
1801,1.57799019874749,2
1802,-0.874287165770076,2
1803,3.12662686136133,3
1804,4.2568013976373,3
1805,-1.62032723364213,2
1806,-1.02458094598092,1
1807,1.05409934754309,2
1808,-3.97616357099717,1
1809,1.97806561213558,2
1810,3.30973643695319,3
1811,2.39343453735797,3
1812,-2.99714395237777,1
1813,-3.92320804202668,1
1814,-0.696955708518244,2
1815,0.421931174136824,2
1816,2.0285242516853,3
1817,-2.6986863482816,1
1818,3.98934674221169,3
1819,-2.41700859431994,1
1820,-0.695993002502861,2
1821,-0.791567079440403,2
1822,3.2182896808638,3
1823,1.13423841676414,2
1824,0.743611327809965,2
1825,-2.32423758452575,1
1826,-2.93493198050781,1
1827,-0.800727074103756,2
1828,1.64332373376438,2
1829,-2.62587763955897,2
1830,-0.653813001319679,2
1831,-0.980177626888364,2
1832,-3.3218925861828,1
1833,-0.210025808024777,2
1834,-5.22498769648741,1
1835,-1.15086770637756,2
1836,-3.56187636354978,1
1837,-2.65711160710267,1
1838,0.908637825733444,2
1839,-1.34909253266331,1
1840,0.30528731624952,2
1841,1.0036584716744,2
1842,-0.704946172078452,2
1843,5.07932886772481,3
1844,4.20363405422316,3
1845,1.08919483753396,2
1846,3.41585221747533,3
1847,-0.781372921136103,2
1848,4.29330625678731,3
1849,1.20552835668786,2
1850,-0.77125059809312,2
1851,-1.2507526368582,1
1852,-0.671733976875938,2
1853,-1.48860949103117,2
1854,3.76448703589743,3
1855,0.0258731020851068,2
1856,-0.887296992757254,2
1857,3.09339666487688,3
1858,0.985170574488639,2
1859,-2.24608365811671,1
1860,-0.227624806236914,2
1861,1.16680080614526,2
1862,-1.70095003331641,1
1863,3.61077955911877,3
1864,4.6114987685491,3
1865,0.988362699499805,2
1866,4.58761901673511,3
1867,2.02275420175383,3
1868,-0.231484944965333,2
1869,3.73997837867868,3
1870,-0.214892943259896,2
1871,0.371213747781675,2
1872,-0.158707473207847,2
1873,-1.40245132361352,2
1874,-1.887084872384,1
1875,0.112229381584818,2
1876,1.0831385336737,2
1877,-3.63096786666053,1
1878,0.463791381562935,2
1879,-1.75355046064458,2
1880,-0.503633417134383,2
1881,3.50866507060814,3
1882,3.59203495920981,3
1883,-2.48972674886057,1
1884,-0.429180153772765,2
1885,5.85785707040233,3
1886,3.71572072587951,2
1887,-3.45629689354546,1
1888,4.18812035963357,3
1889,4.73717821998093,3
1890,4.94049938772346,3
1891,4.11242381246303,3
1892,-0.496421667693228,2
1893,3.50948146531968,3
1894,4.44205401327299,3
1895,3.43746786122776,3
1896,-2.61457410517936,1
1897,4.93238966019022,3
1898,-2.54221304205503,1
1899,-4.38367713830156,1
1900,1.47578697474206,2
1901,3.84874221613453,3
1902,0.234239931509358,2
1903,-0.0719510219818068,2
1904,-0.99175960253482,1
1905,-2.36976017034602,1
1906,0.31316852556151,2
1907,-1.41251709469622,2
1908,2.97921703562477,3
1909,-2.62036051724012,1
1910,0.542106621872022,2
1911,-0.580165079131849,2
1912,0.138225403263889,2
1913,-0.208650674476402,2
1914,3.40555622139949,3
1915,-3.94405769164985,1
1916,1.04956872035465,2
1917,-0.0659814597136106,2
1918,2.96886395465684,3
1919,6.11095253670689,3
1920,4.0204672291282,3
1921,-3.31641586819699,1
1922,-3.77908574126392,1
1923,-4.42056550469574,1
1924,-4.18155922705569,1
1925,2.44044617990608,3
1926,-4.13813693701195,1
1927,-3.50940345542226,1
1928,-2.38579275089487,2
1929,0.302436273877211,2
1930,3.24198779868289,3
1931,-2.02055705772414,2
1932,-4.10518272915749,1
1933,-2.27532379735224,1
1934,1.42507694536972,2
1935,0.182916850669564,2
1936,-0.101653371124766,2
1937,0.333595621234046,2
1938,-3.64511395685979,1
1939,-4.22292617936591,1
1940,0.818162217902652,2
1941,1.29299293500947,2
1942,-0.104194748610789,2
1943,-1.78541120551744,1
1944,5.0943847293062,3
1945,-2.52769943780689,1
1946,-1.96633850418178,2
1947,-0.692526021320325,2
1948,3.98729013114055,3
1949,-3.16387759158253,1
1950,-0.40294480146142,2
1951,1.67812825011243,2
1952,-3.72365321431631,1
1953,-4.09330076397331,1
1954,0.363113909999487,2
1955,-1.88397213212785,2
1956,0.964597393005183,2
1957,-2.68998301342105,1
1958,-1.71937580296318,2
1959,3.3122036565286,3
1960,0.768715581950775,2
1961,-0.152545773297634,2
1962,0.725120654689117,2
1963,0.171172924613639,2
1964,3.81640825981729,3
1965,-1.14302636105406,2
1966,3.60186805013293,3
1967,-4.14557290708596,1
1968,5.28522671969551,3
1969,-1.572480344085,1
1970,4.35803007046092,3
1971,-2.83454258050956,1
1972,-2.53590876614762,1
1973,1.8723317486393,2
1974,6.14944999847516,3
1975,-3.86360895061364,1
1976,-0.645086569893442,2
1977,-2.23094770500439,1
1978,0.77750124734932,2
1979,0.279735034290658,2
1980,-4.31651040165169,1
1981,-2.04463436026959,1
1982,-3.44478197833699,1
1983,-0.798532957525137,2
1984,-1.2492405101132,2
1985,4.55902202950858,3
1986,-0.952976638746264,2
1987,2.24083437334333,3
1988,3.78498620391107,3
1989,-2.21286638567729,1
1990,-5.64314895202898,1
1991,5.01932786168678,3
1992,-2.00607830967004,2
1993,-3.01192237936665,1
1994,3.31110123129919,3
1995,-1.41180434505841,2
1996,-0.743938496851104,2
1997,-0.564795167351673,2
1998,4.10839205896915,3
1999,1.27665308259526,2
2000,-2.64441238837162,1
2001,2.31181944593844,2
2002,2.02792411706594,2
2003,3.60375153046684,3
2004,-2.57562120506566,1
2005,-0.521432196322171,2
2006,2.43343320055797,3
2007,5.21731707848943,3
2008,-4.60153617357459,1
2009,-2.56750857384678,1
2010,-0.637734260110071,2
2011,-1.17847443705294,2
2012,3.62488102128292,3
2013,-1.78907961614299,1
2014,-0.17505812828446,2
2015,0.305340581221212,2
2016,-0.182327630508893,2
2017,-1.27667121119404,2
2018,-0.242671297917503,2
2019,0.610770202238328,2
2020,-0.623076067904706,2
2021,0.905595902184362,2
2022,-0.980497735371133,2
2023,-0.680687428865753,2
2024,-0.58790398966908,2
2025,-1.37736386169196,2
2026,-0.238878516187315,2
2027,-0.570515444184433,2
2028,-1.53857567162438,2
2029,1.5278701045484,2
2030,-1.63496455951146,2
2031,1.45037475149102,2
2032,4.1623855957748,3
2033,-0.302932622972071,2
2034,-4.18748607600528,1
2035,-3.07921170925859,1
2036,-1.22089733314855,1
2037,-1.28188764411534,2
2038,0.177940680194105,2
2039,-0.621042494956867,2
2040,3.43318412832543,3
2041,-1.04712783477107,2
2042,1.61657603604283,2
2043,-0.25495445083938,2
2044,0.149196928334611,2
2045,-1.57919107955978,2
2046,-1.99743908517994,2
2047,1.99324249254339,2
2048,-4.68854247459158,1
2049,-1.03375198454437,1
2050,0.818407774847846,2
2051,2.15647760195008,2
2052,4.84856068619881,3
2053,0.684011801529936,2
2054,-3.78351578901305,1
2055,-1.48428150612725,2
2056,4.05077316325873,3
2057,0.851062197178538,2
2058,4.67408994182628,3
2059,2.07999018563496,3
2060,-2.08165882897835,1
2061,-1.26152113328153,2
2062,0.285286018572319,2
2063,1.97352809039938,2
2064,3.63119821417464,3
2065,3.01729087309551,3
2066,-3.01798024057666,1
2067,6.05528511410174,3
2068,0.075376901038177,2
2069,-1.75008542903078,1
2070,-0.920484878072598,2
2071,0.712670060379596,2
2072,1.46152195521853,2
2073,0.98615836824729,2
2074,-0.900444693895271,2
2075,2.9050852271532,3
2076,1.68475923125394,2
2077,0.929332179663478,2
2078,4.65971538112605,3
2079,-5.09089194048916,1
2080,0.815603462122397,2
2081,-4.28901947384896,1
2082,4.28540174053364,3
2083,-3.07019422430536,1
2084,2.25879155614992,2
2085,1.2221833523778,2
2086,-4.12310858320335,1
2087,-2.0712886450964,2
2088,4.68528241336076,3
2089,-0.106741582463604,2
2090,3.64702150242252,3
2091,-0.144335636573246,2
2092,2.64539108530752,3
2093,4.2567324451288,3
2094,4.24980564096124,3
2095,1.4272117229534,2
2096,1.86900934050409,2
2097,-0.814372276715255,2
2098,-2.03873584819032,1
2099,-3.60189284598502,1
2100,-3.32135841866098,1
2101,1.86017324198346,3
2102,-0.9258235679908,2
2103,-3.0285467553487,1
2104,0.937543052030658,2
2105,-3.77150144110089,1
2106,1.60156345500434,2
2107,-0.418907825100109,2
2108,-1.52033934327632,2
2109,4.71617102074413,3
2110,5.08976676358325,3
2111,-0.386938795071382,2
2112,-3.59101716445428,1
2113,-0.80118965111628,1
2114,-3.59394890936712,1
2115,3.56876171498548,3
2116,-1.60042381459706,1
2117,-1.82442858730991,2
2118,4.25313452181669,3
2119,-0.0854377496312043,2
2120,-0.168146609754469,2
2121,3.42566056794521,3
2122,4.42269264365048,3
2123,-4.35110038570333,1
2124,0.545575680865128,2
2125,-1.50429536972134,2
2126,-0.935295715856657,1
2127,3.73802263158933,3
2128,-0.203278916015153,2
2129,0.682099496739718,2
2130,1.72700883321405,2
2131,-3.49448087548342,1
2132,1.2300316728337,2
2133,3.46458929481922,3
2134,3.6319034265015,3
2135,-0.929196433792633,2
2136,0.508279506349271,2
2137,-0.5555199734147,2
2138,4.79822175909607,3
2139,4.1580816314315,3
2140,-4.23627311888329,1
2141,3.31780054294607,3
2142,-0.0487537818800853,2
2143,-4.5329020028906,1
2144,-2.33484012425403,1
2145,1.05022857914546,2
2146,-2.28839807751376,1
2147,-0.112809987537774,2
2148,-2.36703928696855,1
2149,-2.80763035325575,1
2150,1.16712179904481,2
2151,-2.25770297581348,1
2152,-2.66882082704102,1
2153,3.69863957196332,3
2154,6.01791891031711,3
2155,-4.00225987371065,1
2156,3.42909442404362,3
2157,3.74137945204621,3
2158,-1.48537404711266,2
2159,-2.43795860990095,1
2160,-2.07773253212026,1
2161,-0.361005684089181,2
2162,0.1889952180983,2
2163,0.614687715561383,2
2164,3.68119876367735,3
2165,1.15679760377934,2
2166,3.8839607086113,3
2167,-3.5938645624451,1
2168,0.497012072437788,2
2169,0.619616219204552,2
2170,0.415046268850244,2
2171,4.06470667628406,3
2172,-2.80647515452978,1
2173,-2.93076352214698,1
2174,0.241859803341899,2
2175,-0.818899655331007,2
2176,0.184986351845422,2
2177,3.3112023968838,3
2178,2.92579473785858,3
2179,0.665223165074352,2
2180,1.7511310826985,2
2181,1.67136844844011,2
2182,0.683297132017777,2
2183,0.0453630999514925,2
2184,-3.29510783070593,1
2185,-1.48352939557046,1
2186,4.95928055294411,3
2187,-3.41509716964564,1
2188,-2.99454227341198,1
2189,-1.16098375180673,2
2190,4.81317528829553,3
2191,-3.57541764127117,1
2192,-3.56048598665588,1
2193,-2.12803504592126,1
2194,1.24267702194518,2
2195,-0.768595101872549,2
2196,1.89201063250808,2
2197,4.34506568921283,3
2198,4.66987908150264,3
2199,0.482094871689672,2
2200,-0.417404252867921,2
2201,-2.13764149985513,2
2202,4.31983809137358,3
2203,-0.942643151607527,2
2204,5.39926477342309,3
2205,2.77986311499587,3
2206,0.372835782644859,2
2207,-0.513955735696316,2
2208,4.1856524917748,3
2209,4.68720052640949,3
2210,3.30101666028801,3
2211,-2.33171738106649,1
2212,-3.67911227045787,1
2213,1.13069225005373,2
2214,0.533985835716627,2
2215,-2.43022103039417,1
2216,-2.05851452686204,2
2217,-1.30888435684359,2
2218,-0.611712959847967,2
2219,-3.16810752210997,1
2220,-3.46448189650831,1
2221,-1.41970718079724,2
2222,-2.07133726115332,1
2223,-1.4593043614019,2
2224,0.0578455329557257,2
2225,-4.28936418822322,1
2226,-0.224260839154788,2
2227,1.7322579791517,2
2228,-2.08524775899724,1
2229,1.10109146783194,2
2230,-0.283973587038927,2
2231,-1.85431878221524,1
2232,0.253522340813204,2
2233,0.430621324669046,2
2234,0.0809770830406313,2
2235,-2.80372195452753,1
2236,-0.652702548747161,2
2237,-0.995189766402112,2
2238,4.51153677387753,3
2239,-0.738389150369058,2
2240,-3.6802951812351,1
2241,-4.79028123726406,1
2242,0.292900802591756,2
2243,0.836662040400748,2
2244,4.10129375210308,3
2245,2.22697585442994,3
2246,-2.13620500038377,2
2247,-1.63532721852646,1
2248,5.77002061352102,3
2249,-3.83081152733625,1
2250,-2.70996561223443,1
2251,0.0912835539416647,2
2252,-0.136847479122566,2
2253,5.12492410292339,3
2254,-0.382259076212963,2
2255,-2.65884213157812,1
2256,0.735091629620298,2
2257,-4.10581452855633,1
2258,-2.74627369031604,1
2259,-1.0216920662398,2
2260,-1.86461704676392,2
2261,-0.535887467461224,2
2262,-1.57918318641515,1
2263,3.43137222361546,3
2264,3.33792813116943,3
2265,-1.23545400342451,1
2266,-3.8064528226917,1
2267,-0.112160842700522,2
2268,-2.55139290229327,1
2269,-3.28844929592149,1
2270,3.35622546380013,3
2271,0.888384026333753,2
2272,3.1124932040298,3
2273,-3.31027096548005,1
2274,3.64880149822962,3
2275,-1.33336590569982,2
2276,-2.27072236579034,1
2277,-1.96625032354889,1
2278,0.318634363552171,2
2279,-3.02283409373435,1
2280,4.65331042156584,3
2281,0.282057595472141,2
2282,-3.16248313190285,1
2283,-0.183595039050664,2
2284,-2.76461342771514,1
2285,-4.02234732857525,1
2286,3.98121055354783,3
2287,0.915610225764827,2
2288,-1.7182887639908,2
2289,-5.66092279846568,1
2290,2.72604664793555,3
2291,-0.13881389317545,2
2292,-1.93209497227857,2
2293,-1.21461753377647,2
2294,-0.839650033769068,2
2295,-1.67122529905202,1
2296,0.609308995068682,2
2297,0.0906300156783073,2
2298,3.78866497221698,3
2299,-0.223120966205164,2
2300,4.72503466059459,3
2301,0.300296912049029,2
2302,1.27219462839002,2
2303,0.880877843181363,2
2304,-0.465118741895463,2
2305,4.0609689206701,3
2306,-0.123729489633514,2
2307,-0.728562623202175,2
2308,-3.22925472528313,1
2309,3.66931675983892,3
2310,-2.87200703431587,1
2311,2.84874403329634,2
2312,-3.31983779174073,1
2313,2.4385747789897,3
2314,0.221546740723215,2
2315,2.25717833124466,3
2316,1.83718698216698,2
2317,-2.48313795568639,1
2318,2.51038225290051,3
2319,-0.955436016833875,2
2320,4.36444471608809,3
2321,-2.94378515061716,1
2322,4.28966679202432,3
2323,1.27296529299446,2
2324,3.83919641546676,3
2325,0.0389199961692448,2
2326,-0.339508996123272,2
2327,1.41657477550723,2
2328,-3.11255955150252,1
2329,-2.41538625036393,1
2330,4.1911312519144,3
2331,-0.215424857788577,2
2332,-0.940116280192513,2
2333,-2.33124860056054,1
2334,-0.19665658614585,2
2335,1.44495717206043,2
2336,4.02939356545013,3
2337,2.55042608019948,3
2338,-2.66856560177211,1
2339,-0.788614207390695,2
2340,-1.7777632985436,1
2341,-2.34738248877123,2
2342,-2.89432380585106,1
2343,-3.55462045006283,1
2344,-1.77903629165118,1
2345,-0.607357120914811,2
2346,-0.0898142512489909,2
2347,-1.84357246605783,2
2348,-0.388060670047731,2
2349,4.87239666699548,3
2350,-0.581611242371406,2
2351,-1.35011322691241,2
2352,-3.53461665219838,1
2353,2.76467689295735,3
2354,4.48400393741609,3
2355,-0.67093240335342,2
2356,0.605766130429276,2
2357,3.76208587479887,3
2358,-2.83409689842056,1
2359,0.558026882514199,2
2360,0.230341910610583,2
2361,4.10417331402648,3
2362,5.38052005512718,3
2363,-2.69986843311863,1
2364,-1.11246012229362,2
2365,0.882678068364482,2
2366,-1.54365870306588,2
2367,-0.497300055180434,2
2368,0.351407773967145,2
2369,-0.343124840404993,2
2370,-1.20303834151224,2
2371,4.45265640736906,3
2372,-0.151552534412389,2
2373,3.48129635673695,3
2374,5.43355156758384,3
2375,0.911943974043973,2
2376,-0.620143602752065,2
2377,0.37282099271425,2
2378,0.380701291636888,2
2379,4.52112678548736,3
2380,1.10328832396475,2
2381,-1.97301371082498,2
2382,-1.02953732673204,2
2383,2.28310202890159,3
2384,-1.18310978507429,2
2385,-0.607156730101415,2
2386,-3.39037408200674,1
2387,-0.618144042623548,2
2388,1.83947679495165,2
2389,4.36983610282487,3
2390,0.90296076810083,2
2391,5.63388660497806,3
2392,4.75313334426884,3
2393,-0.175992828035779,2
2394,2.98936362283376,3
2395,1.31689292485862,2
2396,1.86173634509438,2
2397,-1.25868184521442,2
2398,2.04323321252589,2
2399,3.56191894472764,3
2400,0.112268546968159,2
2401,-1.1688159402078,2
2402,-1.54718271770852,1
2403,1.43317474126775,2
2404,-1.55433775889885,1
2405,-1.01678362381117,2
2406,4.26680587378162,3
2407,2.38438919125835,3
2408,-0.768513198226343,2
2409,-0.138762940342402,2
2410,0.213605953502618,2
2411,-0.182833232300774,2
2412,-3.44566197009996,1
2413,0.964931532612911,2
2414,-4.77901419088083,1
2415,-1.8451908393036,2
2416,0.239238593824761,2
2417,0.4666662872896,2
2418,-0.55316507526113,2
2419,-3.92971421678472,1
2420,-3.0713080861236,1
2421,3.36731370533916,3
2422,-4.01857538310709,1
2423,-4.03351133546615,1
2424,3.16912850882792,3
2425,-2.84062955883924,1
2426,-2.8875361874481,1
2427,-1.28523700783324,1
2428,-2.64268048615702,1
2429,-0.47989402830212,2
2430,-1.03844932160862,2
2431,-0.631284950402577,2
2432,-2.29466544675582,1
2433,0.00741535359866215,2
2434,3.09710954049631,3
2435,0.717074072832601,2
2436,0.941244193037909,2
2437,3.58010078180784,3
2438,-0.0235244885614462,2
2439,0.0933118694913042,2
2440,2.90161328744783,3
2441,3.19415106429826,3
2442,-0.165597496145851,2
2443,5.80807011198893,3
2444,4.86453650461592,3
2445,-3.28067627971379,1
2446,-0.703822877630496,2
2447,-3.50633354218924,1
2448,3.86396331965025,3
2449,0.923412639155038,2
2450,0.822761428159943,2
2451,2.03387780206071,2
2452,-0.895166995835912,2
2453,3.95451353984742,3
2454,3.98074502799461,3
2455,-0.902131112277193,2
2456,5.57859807129761,3
2457,3.5722009915015,3
2458,3.28803444899418,3
2459,4.94701699312821,3
2460,2.34371274334146,3
2461,0.396451965571097,2
2462,-4.16920662152897,1
2463,1.14803978343915,2
2464,-4.12734724085149,1
2465,-1.3005469870359,2
2466,4.13061355564002,3
2467,-0.290983583023627,2
2468,-0.357174502316491,2
2469,5.32234516679912,3
2470,-4.46064007092482,1
2471,4.50776876525031,3
2472,4.27252774434967,3
2473,2.39520132525321,2
2474,-4.05251327933874,1
2475,-0.673715819136411,2
2476,5.029039056783,3
2477,-0.62305895188382,2
2478,3.06496450429372,3
2479,-4.42021949166693,1
2480,-2.84264665278384,1
2481,4.83016760684959,3
2482,0.825038762653747,2
2483,-1.09089643078252,1
2484,1.92070765404799,3
2485,0.359090462240704,2
2486,0.409298429359221,2
2487,3.66417607980766,3
2488,-1.58976077887542,1
2489,-0.509569485214936,2
2490,-0.796525173985439,2
2491,0.198993869675984,2
2492,-3.42029827549404,1
2493,-2.76340449813979,1
2494,4.05193351225995,3
2495,-1.56478148601421,2
2496,-3.36690491063371,1
2497,-0.851991888128706,2
2498,-1.86734559765039,2
2499,-2.5362038584322,1
2500,-2.35435325364441,1
2501,-2.77726431096503,1
2502,-1.77591820256054,1
2503,-1.75404475768728,2
2504,0.93308721049449,2
2505,0.92231751847207,2
2506,2.69771635357721,3
2507,2.70895941900681,2
2508,4.39248108702072,3
2509,-0.0583631400767486,2
2510,-0.630470468347582,2
2511,-0.701263342394064,2
2512,-3.7830975957119,1
2513,-4.06332613397119,1
2514,2.18965021245322,2
2515,6.06684467978054,3
2516,-6.04786088979872,1
2517,2.20580133293834,3
2518,-3.22577098565927,1
2519,2.74452492476224,3
2520,4.67892494251242,3
2521,-0.882446125897466,2
2522,-1.78189138967419,1
2523,-2.25761772541534,1
2524,3.0573673865088,3
2525,5.33788081448491,3
2526,1.09631206213814,2
2527,-2.72083918306037,1
2528,5.25656459723885,3
2529,-1.6188996691505,1
2530,-2.51458553910554,1
2531,-0.679536488943232,2
2532,0.599492053306319,2
2533,-1.3434200966493,2
2534,-1.41759645000403,2
2535,-1.18988737780151,2
2536,-0.131259521885002,2
2537,-0.494699035304771,2
2538,3.27505692446991,3
2539,-1.33535669978886,2
2540,5.48792676892794,3
2541,-3.70459646368007,1
2542,-3.17705894739432,1
2543,0.559823773483781,2
2544,4.29340189889087,3
2545,-0.969113640406662,2
2546,2.64880000449144,3
2547,3.38082210919931,3
2548,-3.82250141280752,1
2549,0.709389825515822,2
2550,-4.45646591707643,1
2551,-1.56023874163026,1
2552,1.54930379091226,2
2553,-3.7662142227898,1
2554,3.79331985632968,3
2555,0.0857532249551007,2
2556,-1.91088798908076,1
2557,0.81098435313938,2
2558,0.00902806668842954,2
2559,4.43996852383068,3
2560,-1.49327582905547,2
2561,0.539497982344097,2
2562,1.12716590131421,2
2563,4.23360392902399,3
2564,3.91211333623557,3
2565,-3.23902906815256,1
2566,1.85985974779731,2
2567,-2.58864806630922,1
2568,0.0172274128643755,2
2569,5.17856196494562,3
2570,4.62057686321095,3
2571,-0.465406094777788,2
2572,4.72805742942919,3
2573,1.11670596384515,2
2574,-4.0164562413338,1
2575,-3.76798957309278,1
2576,-3.3847986722972,1
2577,0.378571522243943,2
2578,0.652578814947499,2
2579,-2.52163385220597,1
2580,4.4774809799231,3
2581,2.34966866425442,3
2582,0.310873621923446,2
2583,-0.60383579647081,2
2584,0.725490691457639,2
2585,3.30058474733707,3
2586,3.88252701240572,3
2587,-2.90309576629895,1
2588,0.285876083075394,2
2589,2.32312597346536,2
2590,-3.46792597392522,1
2591,-3.65624312841706,1
2592,1.16096906933889,3
2593,0.728954795421616,2
2594,0.4177120868164,2
2595,-3.09031959396585,1
2596,-0.636686379475083,2
2597,0.114574862295207,2
2598,0.516775157949177,2
2599,1.12102190988245,2
2600,-3.22068434725121,1
2601,0.41627418952243,2
2602,-0.960092462975384,2
2603,-2.33558413630591,1
2604,-4.5160676231511,1
2605,0.628803153873898,2
2606,-2.55870687515707,1
2607,-3.05697053380333,1
2608,3.67152260315198,3
2609,1.34131625877434,2
2610,-1.89029191822986,1
2611,-1.04398276513521,2
2612,-0.235909539606058,2
2613,-3.57746800105956,1
2614,5.97856794433333,3
2615,0.468005090421516,2
2616,3.26083657561446,3
2617,-0.856257832698083,2
2618,-0.672281932964844,2
2619,-0.629636693792144,2
2620,-2.44872578853211,1
2621,-2.44862135362922,2
2622,-4.63483238484751,1
2623,-0.166313578850091,2
2624,-2.30479535244892,2
2625,-0.367209823908698,2
2626,-1.57654087134975,1
2627,4.55821237594098,3
2628,-0.0197490555703713,2
2629,2.4756058618661,2
2630,4.64320351401576,3
2631,-4.55782224848511,1
2632,4.59273936349349,3
2633,-2.21054014720982,1
2634,-0.616103464566919,2
2635,0.197233803889115,2
2636,-1.48760457316755,1
2637,-1.58680900679091,2
2638,-1.22096163850431,1
2639,5.01718709060793,3
2640,1.12934492850217,2
2641,-0.801618673004575,2
2642,-1.85119238154891,1
2643,-0.232804343394382,2
2644,-0.665550918985606,2
2645,0.387584918040847,2
2646,0.713595097676633,2
2647,0.0524980457691653,2
2648,-3.64319479159366,1
2649,-3.10828009123449,1
2650,1.94140225980242,2
2651,-0.992158187397833,2
2652,-2.52508828596595,1
2653,4.19106831949942,3
2654,-2.04391937857155,1
2655,-2.05883419327583,1
2656,-2.9469957732695,1
2657,0.081714883783497,2
2658,3.92098293631875,3
2659,-3.97199421147593,1
2660,1.07991563923797,2
2661,-3.17063961823861,1
2662,5.15519900929856,3
2663,2.98838002206285,3
2664,1.18582440763367,2
2665,3.27764129288055,3
2666,-1.33193696954301,2
2667,1.34861529998307,2
2668,-0.636767960604578,2
2669,0.401294135810679,2
2670,4.35658196545037,3
2671,0.0565460066372632,2
2672,1.0285767102378,2
2673,-2.33328737733905,2
2674,1.95169632479286,2
2675,4.17206778433662,3
2676,0.168024801248484,2
2677,3.52222978080772,3
2678,-0.270074147559846,2
2679,1.11791338203872,2
2680,-4.44349288893542,1
2681,3.16377552472714,3
2682,-0.579026452784536,2
2683,-0.64700443202483,2
2684,-0.388849858802789,2
2685,-3.10001395893881,1
2686,1.44870575010661,2
2687,-0.773844309532882,2
2688,5.60541429225126,3
2689,0.876592079389192,2
2690,-2.3640521021314,1
2691,-0.864814897070758,2
2692,-3.33433805216978,1
2693,-1.17789136221902,2
2694,0.212695033841387,2
2695,1.22438538128579,2
2696,1.45103564875772,2
2697,-4.58499126820987,1
2698,-2.5536869833619,1
2699,-2.55647728559889,1
2700,1.26229835926168,2
2701,0.0471264794105824,2
2702,-3.87057724526092,1
2703,4.28035543019459,3
2704,1.2126046821893,2
2705,-2.46120436280051,2
2706,-0.587260767867037,2
2707,-1.70863333602975,2
2708,0.0746809416916121,2
2709,3.15752574700051,3
2710,4.83220237384238,3
2711,-4.16865142442436,1
2712,-2.24045929376165,1
2713,-0.649698500999308,2
2714,0.723685640977932,2
2715,-0.130086492461006,2
2716,1.47491837971606,2
2717,-0.443464894242919,2
2718,-3.06654521101086,1
2719,4.62113954497491,3
2720,1.21905112735143,2
2721,-5.25104517544585,1
2722,-3.2052992574682,1
2723,-0.293613387011894,2
2724,5.76913808237755,3
2725,-0.413688070505233,2
2726,-0.452140126031672,2
2727,-0.58636672852895,1
2728,1.22151568781476,2
2729,1.56194118142925,2
2730,3.99740600687634,3
2731,-1.88386338450961,1
2732,0.0590779960324681,2
2733,-3.57439455218438,1
2734,1.00802466769112,2
2735,-3.58205991791537,1
2736,4.03774993441228,3
2737,0.302361385182744,2
2738,0.0317768733169308,2
2739,-4.66792804577932,1
2740,3.17865730257593,3
2741,1.26106595229873,2
2742,3.75594276754969,3
2743,3.51753016627145,3
2744,0.25777748308749,2
2745,0.378800825326743,2
2746,0.350228478678131,2
2747,2.483257214941,3
2748,-2.84301789503408,2
2749,1.18917934773041,2
2750,-1.40303650902349,2
2751,4.16770241660991,3
2752,0.633379288392583,2
2753,0.423038432410325,2
2754,0.897975810526054,2
2755,0.219747429679615,2
2756,-0.31681036850153,2
2757,0.166466198021097,2
2758,-0.792410017758057,2
2759,-0.176943367781943,2
2760,1.29963841108782,2
2761,-4.07364299075116,1
2762,1.39109608819633,2
2763,0.79309979915499,2
2764,0.355548081917882,2
2765,3.41231115552249,3
2766,0.91349189044332,2
2767,0.530265025244781,2
2768,1.09420449561273,2
2769,3.95407622247746,3
2770,3.12959845255022,3
2771,3.57805564568468,3
2772,-4.69210152086908,1
2773,-0.958567467505941,2
2774,-2.61391556181559,1
2775,1.74349207373836,2
2776,0.719590249915119,2
2777,4.68711438417028,3
2778,0.153682006360345,2
2779,-0.273474476684454,2
2780,-1.30749298175472,2
2781,-0.154839559706279,2
2782,0.345774730922208,2
2783,3.85800704869207,3
2784,-2.54264266837467,1
2785,2.85993663383947,2
2786,-2.31625447814929,1
2787,4.4921739730088,3
2788,4.88695194446795,3
2789,-3.12519997868828,1
2790,-2.54403378246097,1
2791,-2.83321871164575,1
2792,0.503221026911537,2
2793,1.29544315368299,2
2794,-1.47011778750508,1
2795,-2.44608234646241,1
2796,3.59977655247647,3
2797,4.61469748820815,3
2798,-3.58188368686977,1
2799,-5.46257501658577,1
2800,-1.96897481833324,1
2801,-0.574018283429559,2
2802,4.79613686251104,3
2803,3.41095506357166,3
2804,-0.154801930774448,2
2805,4.38969761385951,3
2806,-1.33429768089279,2
2807,-3.80648265570305,1
2808,-4.77865914874394,1
2809,0.436223801710213,2
2810,4.62696902190957,3
2811,1.4795855372078,2
2812,-1.16169686834141,2
2813,-2.10038657301994,2
2814,1.81861838674073,2
2815,-0.123568108208646,2
2816,1.14748961195064,2
2817,-0.183167317158162,2
2818,-1.09100027664817,2
2819,3.97558831746521,3
2820,4.98812574158829,3
2821,-0.0183323638780197,2
2822,1.41510448556347,3
2823,1.98220971242917,2
2824,4.11874164483322,3
2825,-1.25304602409505,2
2826,1.70380587237689,2
2827,0.15435442317656,2
2828,0.355527267647867,2
2829,-3.16312898988521,1
2830,-2.41529473975865,1
2831,-3.20014701271576,1
2832,-1.46431958960135,2
2833,-0.272773064564488,2
2834,-2.65116502982341,1
2835,0.397877113060311,2
2836,1.34694517132456,2
2837,-1.14008913845684,1
2838,3.87776351895599,3
2839,-3.35245319922796,1
2840,-1.07465982098932,2
2841,0.857547675178483,2
2842,4.4706365393279,3
2843,-1.31894478115298,2
2844,0.222438460532846,2
2845,-2.27877919288711,1
2846,4.03022568498035,3
2847,0.103420706841276,2
2848,-4.61777376538123,1
2849,-2.01830122735156,1
2850,-0.493216045058824,2
2851,-0.927948344686553,2
2852,-3.18430886884238,1
2853,3.28305901393993,3
2854,0.881420659715242,2
2855,2.64645748148349,3
2856,-1.91704431920225,1
2857,-0.776166909934286,2
2858,4.38889338792263,3
2859,-3.47854323776388,1
2860,2.52695861727657,3
2861,0.314903238411214,2
2862,2.52244750657653,3
2863,4.06799128306987,3
2864,-1.80084924747675,2
2865,3.03360590115141,3
2866,-0.109286874357898,2
2867,-0.562776208352765,2
2868,-0.468447377427223,2
2869,-0.0390386053295887,2
2870,0.336181512220115,2
2871,0.527288318248801,2
2872,-2.41400838769419,1
2873,-3.51183269458047,1
2874,-4.2175999877636,1
2875,-2.34019562310728,1
2876,2.72025198885486,3
2877,-2.79021410956881,1
2878,-0.307179864752321,2
2879,5.02414104637623,3
2880,-3.76460601375357,1
2881,3.27863225608576,3
2882,1.04242536770994,2
2883,2.2632205754662,3
2884,-0.783100637317684,2
2885,-0.706496293740966,2
2886,0.131910036877225,2
2887,3.93363609882286,3
2888,0.108830210144798,2
2889,-0.721340330848372,2
2890,-2.59922854940595,1
2891,0.617616257222932,2
2892,-2.26005248912267,1
2893,3.09788130415417,3
2894,-0.61174222903031,2
2895,1.14379108489799,2
2896,-2.13120672975585,1
2897,0.609702193642644,2
2898,-0.515186827732658,2
2899,-0.0424478238394652,2
2900,-0.794716347946563,2
2901,4.58554758928667,3
2902,-2.21582912090566,1
2903,1.92161155776854,2
2904,-1.66854171402762,2
2905,3.19267271747107,3
2906,-2.88999087656028,1
2907,4.21650233870706,3
2908,3.87124963227789,3
2909,-0.505369887750267,2
2910,-0.632083935907471,2
2911,-2.32900346367574,2
2912,-2.73189713000222,1
2913,3.85905459351566,3
2914,-4.43850664491452,1
2915,0.991804522902773,2
2916,6.21125797572726,3
2917,-0.031219995960159,2
2918,5.17505009049336,3
2919,3.52229918887083,3
2920,2.041955459993,2
2921,4.34335682883838,3
2922,0.898576833356326,2
2923,0.874539627062147,2
2924,0.70537176034256,2
2925,-1.26531215025604,2
2926,-0.751262465191356,2
2927,4.31325036520319,3
2928,-3.91597924368679,1
2929,3.96488674105782,3
2930,-2.9204980046716,1
2931,4.1816660224182,3
2932,-0.263158284120996,2
2933,3.02061209448396,3
2934,-0.173136503089637,2
2935,-0.0738147669924104,2
2936,-2.5967096687793,1
2937,1.22091119465961,2
2938,1.22963755720089,2
2939,0.76038465906466,2
2940,0.0750448352632334,2
2941,-0.65536323027314,2
2942,0.913415960766171,2
2943,4.83346745613827,3
2944,-0.367106009737265,2
2945,-0.602030747228367,2
2946,0.876163568296054,2
2947,0.30587423629278,2
2948,0.171207414363386,2
2949,-2.48652390438096,2
2950,2.5015593256559,3
2951,-0.162851522523741,2
2952,0.241039934942405,1
2953,-0.301435860098489,2
2954,0.470348995601502,2
2955,-0.829073430273456,2
2956,-3.22192200018991,1
2957,3.19831407030644,3
2958,-4.01411417266147,1
2959,-2.09155230120775,1
2960,-3.03333034227592,1
2961,-0.679139776005524,1
2962,4.72269339308059,3
2963,-4.18548008459731,1
2964,4.14257950526129,3
2965,-2.66655586722288,1
2966,-1.8866372826429,1
2967,0.739859438245835,2
2968,-3.42287200658566,1
2969,2.29738503966878,3
2970,-3.52723425723392,1
2971,-1.76752412151466,1
2972,-3.18883931160434,1
2973,-3.91356604816499,1
2974,-3.19256021104206,1
2975,-0.196626923218971,2
2976,3.85016037555828,3
2977,-2.72312754113839,1
2978,4.10699067509395,3
2979,1.07623819643517,2
2980,0.174764410984371,2
2981,-1.40149122885417,1
2982,-0.344550362435428,2
2983,-2.72170508669464,1
2984,-1.94079312733385,1
2985,-2.96544893286615,1
2986,-0.447408819138214,2
2987,-0.772935917727367,2
2988,-3.05279940152248,1
2989,-3.21042458364347,1
2990,0.674747490285038,2
2991,2.07690354539009,2
2992,3.56236689086363,3
2993,-2.09692391404543,1
2994,1.29100897953624,2
2995,0.238716819750682,2
2996,1.03114925471145,2
2997,-2.48852924530187,1
2998,4.19831272940774,3
2999,-0.0619972054953878,2
3000,-1.9808429306691,1
3001,-4.17260886019801,1
3002,4.24477901538213,3
3003,-3.33320738366942,1
3004,0.0242896913459327,2
3005,0.702695839014471,2
3006,4.12720360449926,3
3007,4.01018796036661,3
3008,-1.85209740277942,2
3009,1.82386045534122,3
3010,2.85281632768023,3
3011,-1.08270251099142,2
3012,-2.6682180360843,1
3013,0.712890392058031,2
3014,-2.6596693797359,2
3015,-1.20756606000662,2
3016,1.99741373388409,2
3017,2.45427159059,3
3018,0.205061938233205,2
3019,-3.07526319764873,1
3020,-1.022398456216,2
3021,5.05786711870467,3
3022,4.13059842725672,3
3023,1.31665945128356,2
3024,1.74803479722261,2
3025,1.43238382539799,2
3026,-0.276035101610547,2
3027,-2.63964276212015,1
3028,-2.3018641911414,1
3029,-0.391287301787077,2
3030,-2.44859799491942,1
3031,-0.370783344262779,2
3032,-0.126638880751514,2
3033,2.28263600626823,2
3034,4.27122917325566,3
3035,5.17193207243707,3
3036,-1.60533686779142,1
3037,-0.729857281791154,2
3038,-0.427150503032877,2
3039,0.529949314004044,2
3040,-3.43172374503788,1
3041,-1.23063408297299,1
3042,0.00696295872373335,2
3043,0.587795064199159,2
3044,1.35859663037044,3
3045,-0.881356062680646,2
3046,3.16022674413987,3
3047,-2.75895406749878,1
3048,-0.534909374630435,2
3049,-0.00508718145513425,2
3050,1.6284169621075,2
3051,0.720223826137903,2
3052,1.51863350024676,3
3053,-0.632713554588276,2
3054,0.372910426410749,2
3055,-2.92949160857542,1
3056,-0.524178797619665,2
3057,2.23560276857964,2
3058,5.1538041991761,3
3059,-2.75017528007344,1
3060,0.796863123179804,2
3061,-1.2281836193586,2
3062,3.28710245802659,3
3063,-0.130008455896796,2
3064,-2.92129601548532,2
3065,-3.09736926751308,1
3066,-2.40893809058849,1
3067,0.106131768782063,2
3068,2.44474138998163,3
3069,0.553268655008738,2
3070,3.71334775467829,3
3071,0.759275035989203,2
3072,-0.205278035438213,2
3073,-4.03978254140354,1
3074,0.0194424834681,2
3075,-4.07420660953035,1
3076,-2.18195813409895,2
3077,-2.94994706808085,1
3078,4.34211058152787,3
3079,3.5861818745474,3
3080,-1.2832038636231,2
3081,-0.199479557107137,2
3082,4.16522372879703,3
3083,0.456829687646366,2
3084,1.06496900017888,2
3085,-0.622541704479099,2
3086,5.20502249361866,3
3087,-0.511773942223519,2
3088,-1.78505156902169,1
3089,-0.442113996050495,2
3090,5.85296489815739,3
3091,-2.58569183589171,1
3092,4.63140232572016,3
3093,5.52370789097861,3
3094,-0.31928401625837,2
3095,2.92520854217743,3
3096,2.78054808774366,3
3097,-0.799239729253413,1
3098,2.96812464137475,3
3099,-2.56490954075166,1
3100,-1.08945880275189,2
3101,-1.22797222051084,2
3102,1.46883036183792,2
3103,0.00483176592536138,2
3104,-0.875816823362531,2
3105,-4.58461664459117,1
3106,-0.71663302769885,2
3107,-1.60468656105392,1
3108,1.66917040967207,2
3109,3.7631027411489,3
3110,-2.37947638574378,2
3111,4.94598855838587,3
3112,0.231389929911167,2
3113,-3.34754259939773,1
3114,2.41875306468074,3
3115,0.295846382533286,2
3116,-3.99649124378654,1
3117,-0.590464655327117,2
3118,-0.984320528114096,2
3119,-1.12552538199284,2
3120,-1.59531570545244,1
3121,0.825866376973108,2
3122,0.470800362199456,2
3123,3.23802310012734,3
3124,-2.17407709835251,1
3125,-0.370388308034412,2
3126,6.17671216889158,3
3127,0.760301142439062,2
3128,0.191757992808065,2
3129,1.47880760269639,2
3130,-2.99831631151579,1
3131,-0.902854978742815,2
3132,-3.19988982810143,1
3133,-1.2110648741674,2
3134,0.315788060527378,2
3135,1.0906215035097,2
3136,-0.493880053554895,2
3137,-0.162615980275628,2
3138,-1.92948396322166,1
3139,-3.48378062570874,1
3140,0.0463197241835662,2
3141,0.78511853104356,2
3142,4.04022605881084,3
3143,2.71257276065208,3
3144,0.527572661503673,2
3145,-2.17462013724076,1
3146,-3.8980212034675,1
3147,4.22902513093363,3
3148,0.857447324947049,2
3149,-1.41053085004307,1
3150,1.47840798244259,2
3151,1.26449613364349,2
3152,5.26988761058271,3
3153,-3.77625159056668,1
3154,0.814295613579637,2
3155,0.0578507042481702,2
3156,0.657259424329231,2
3157,0.452910356116704,2
3158,-1.07486233391367,2
3159,4.5039011858979,3
3160,1.03807857111819,2
3161,-2.61066912185778,1
3162,3.01742003152729,3
3163,2.55282805459751,3
3164,0.788403786030499,2
3165,3.93526324551329,3
3166,1.83265771671135,2
3167,0.991563499846737,2
3168,-0.32711762721469,2
3169,-1.62124533114269,1
3170,-3.280740054504,1
3171,0.621393095227546,2
3172,3.32636456627492,3
3173,-0.829051291306179,2
3174,-2.38274969727794,1
3175,1.60388383078126,2
3176,-3.7104065636993,1
3177,-0.275899217586007,2
3178,-2.88446789574044,1
3179,3.66705164016692,3
3180,0.326402671779581,2
3181,-0.507134896840544,2
3182,4.56456267535266,3
3183,0.76486829955584,2
3184,-0.694938017954308,1
3185,0.44579358311539,2
3186,-3.02839505474907,1
3187,-0.108211010065327,2
3188,5.49031868247623,3
3189,-0.0107680770137928,2
3190,1.91858057970287,2
3191,-4.26015524475811,1
3192,0.342936198870449,2
3193,-2.11972677939593,1
3194,3.55275446279944,3
3195,-2.25191883750616,1
3196,3.71499103770211,3
3197,-2.87296139365041,1
3198,4.26386287084666,3
3199,-2.83791960608768,1
3200,4.38042182151179,3
3201,4.16009427420177,3
3202,2.52137335803466,3
3203,0.85936046537701,2
3204,0.898500827015439,2
3205,0.747428021411865,2
3206,-1.30482930362763,2
3207,1.32056298762306,3
3208,-0.345191700473056,2
3209,1.3156540407747,2
3210,-1.67178530396301,1
3211,-0.602353454176854,2
3212,-0.544876099049932,2
3213,0.421503008938672,2
3214,-3.46368301310373,1
3215,-0.0557766266686415,2
3216,-2.62631519556956,1
3217,-0.198027912485171,2
3218,5.26847907766537,3
3219,-0.731893832404773,2
3220,-0.703667266915411,2
3221,-1.07525797722939,2
3222,2.5242903030926,3
3223,3.48659376794031,3
3224,-2.0017099769478,1
3225,0.203513688368744,2
3226,5.10759012504641,3
3227,-3.78860283785024,1
3228,0.713170709295136,2
3229,-0.059463044387427,2
3230,3.72189009185377,3
3231,4.53814173125265,3
3232,-0.411921203246786,2
3233,2.24743290162885,3
3234,-0.15888537828916,2
3235,0.957297525780924,2
3236,-0.271886923602991,2
3237,2.16885377176899,3
3238,0.711861517361881,2
3239,-1.4194705124407,2
3240,-0.643701923640257,2
3241,3.33858995429561,3
3242,-0.142643497669046,2
3243,-3.72821911119129,1
3244,1.08646279809096,2
3245,-3.96703190266891,1
3246,5.6520914854921,3
3247,-0.349025479659772,2
3248,-0.12018183029352,2
3249,0.353915660950126,2
3250,-4.55785490387231,1
3251,3.02666674469746,3
3252,0.0384368414759949,2
3253,-0.439062773952966,2
3254,-0.108270386698755,2
3255,-4.08914519088452,1
3256,-0.501953588063571,2
3257,4.34663984283197,3
3258,-1.37734020424319,1
3259,3.60892737027587,3
3260,3.83822505312413,3
3261,-2.10045524667896,1
3262,4.4735021445163,3
3263,-1.60100953569702,1
3264,-2.76936635950055,1
3265,4.10025460888998,3
3266,-0.187121427736611,2
3267,1.3831119600583,2
3268,-2.02985709292959,2
3269,-0.665141472933446,2
3270,0.179047539276805,2
3271,-2.09913066025047,1
3272,-3.26214933439141,2
3273,-0.855759582087002,2
3274,-3.48953287121241,1
3275,-0.541441946412946,2
3276,0.944225289376759,2
3277,4.00580874995607,3
3278,-0.27616570209019,2
3279,4.01793187356961,3
3280,-0.204762719552353,2
3281,-2.46674063724635,1
3282,-3.38095673929401,1
3283,-1.0740831668591,2
3284,-3.09294101847947,1
3285,-0.327757132786462,2
3286,-1.02376315514016,2
3287,-2.66532122689945,1
3288,3.2475367958856,3
3289,-0.31812607113017,2
3290,3.99511814759333,3
3291,-1.75569401653616,2
3292,2.77716853499977,3
3293,3.65320363418665,3
3294,0.584768770263072,2
3295,-0.702210637746134,2
3296,-4.11314851074341,1
3297,-0.72980880602493,2
3298,-4.74102201733397,1
3299,-2.7855546904184,1
3300,-3.20224085511028,1
3301,-0.294231849492569,2
3302,-0.00585749811279422,2
3303,0.30410729998282,2
3304,1.0494802263222,2
3305,2.69664342029998,3
3306,4.25830252396263,3
3307,1.29769183878719,2
3308,-0.5276920773549,2
3309,-2.79251959264454,1
3310,-0.753491215068184,2
3311,-1.00118337619407,2
3312,-0.248906664495431,2
3313,-2.11534950102308,1
3314,-1.32523126613269,2
3315,3.85096466580693,3
3316,2.82712605753123,3
3317,-4.17669215774973,1
3318,3.87612951907935,3
3319,-1.29312944937939,2
3320,2.60492798419771,3
3321,-0.697797127021826,2
3322,-1.1963427433009,2
3323,3.50010081915399,3
3324,1.11503425388666,2
3325,0.340871956054676,2
3326,-0.64683985155166,2
3327,-3.4371595331804,1
3328,3.59098621256465,3
3329,3.35391097765907,3
3330,0.996700953789853,2
3331,-2.42166505953054,1
3332,-3.78718247897349,1
3333,4.65495732303502,3
3334,4.61456461082951,3
3335,0.215454744346174,2
3336,-2.93329912906982,1
3337,0.264507054731177,2
3338,-0.397028133394579,2
3339,2.99906701299738,3
3340,5.59746007712937,3
3341,0.484517544998582,2
3342,0.277768209440347,2
3343,0.229145399273747,2
3344,-2.88115056699544,1
3345,-1.34482418425799,1
3346,-0.690619496498588,2
3347,3.96524850499616,3
3348,0.168755803793434,2
3349,-0.150933762659666,2
3350,4.44020658774554,3
3351,-2.16590493433855,1
3352,0.308495292568104,2
3353,-0.51390709879415,2
3354,3.50410954842048,3
3355,-3.32251357317817,1
3356,-1.71511380432561,2
3357,0.272110814193612,2
3358,-0.362884622916376,2
3359,-2.63388561706828,1
3360,-4.54589181325016,1
3361,0.675213077027448,2
3362,2.4433733913059,3
3363,-0.268933922317647,2
3364,-2.54253792064255,1
3365,4.18913877819609,3
3366,-0.741664430606325,2
3367,-2.54683996647028,1
3368,3.28777869210575,3
3369,-1.86894534815398,1
3370,4.2241013100948,3
3371,1.1310543674245,2
3372,-3.42727928720543,1
3373,3.68694744761506,3
3374,1.9277281824019,2
3375,0.333310370005277,2
3376,-0.579651889845945,2
3377,-0.162588041070684,2
3378,-0.13461283417085,2
3379,-0.463653743705612,2
3380,3.41997480766889,3
3381,-0.551500633193785,2
3382,1.37479500350296,2
3383,4.09948540773819,3
3384,-1.4145324747417,2
3385,0.371894882020314,2
3386,-1.45241894101623,1
3387,-2.79443879155003,1
3388,-0.664178443147495,2
3389,1.47833445941722,2
3390,-2.96855933497355,1
3391,-0.47253781279156,2
3392,-3.08291994233923,1
3393,4.47603732004551,3
3394,1.48288035944086,2
3395,-0.274480218132268,2
3396,-0.412925484950059,2
3397,-3.76599930402867,1
3398,3.45438263477717,3
3399,-2.29647609724311,1
3400,-2.8555242952893,1
3401,0.860888491074712,2
3402,0.511160572434252,2
3403,-1.57490172253252,1
3404,4.66338102445058,3
3405,-1.37249045907921,2
3406,-0.0145075459885022,2
3407,-0.58264035626689,2
3408,-2.91606932048497,1
3409,-0.722596593260511,2
3410,0.416456135933571,2
3411,-4.04917700666607,1
3412,-0.804221018049235,2
3413,2.98182501120587,3
3414,3.71399972123411,3
3415,-3.26303398223064,1
3416,1.86411813793255,2
3417,4.10021427558754,3
3418,-0.836164804463538,2
3419,-3.17990623104754,1
3420,-1.40663004861635,1
3421,-2.56890107188501,1
3422,-0.41808374042322,2
3423,-1.09564527432851,2
3424,-1.39513134972696,2
3425,0.804554506792211,2
3426,5.93157594123468,3
3427,0.651154342417501,2
3428,4.40914692653031,3
3429,-1.0778681835499,2
3430,-0.234117494341529,2
3431,0.120933745538538,2
3432,0.433158964582613,2
3433,1.15321130232285,2
3434,-1.22421063279672,2
3435,0.448760305225702,2
3436,-1.53018771812714,1
3437,4.45536214627728,3
3438,4.47411352490526,3
3439,-1.54609608135241,2
3440,1.24400780549596,2
3441,2.1745298194505,3
3442,-0.536864238027104,2
3443,0.474278292025528,2
3444,2.71063032931957,3
3445,-0.245289947053769,2
3446,-0.705913682965425,2
3447,5.33350492080387,3
3448,3.31304288941905,3
3449,-0.17332762282201,2
3450,-0.167695281953007,2
3451,4.94277554856771,3
3452,0.0736199590039371,2
3453,-4.03480801098526,1
3454,3.85286785078159,3
3455,0.554743570423318,2
3456,-1.20558448472509,2
3457,4.58697520263035,3
3458,1.37311638605898,2
3459,3.14965215561585,3
3460,1.91270595871874,3
3461,-1.62694795501601,1
3462,0.734512927460703,2
3463,4.74666645708002,3
3464,-1.01552629949096,2
3465,-3.41685758816043,1
3466,-0.968386578638255,2
3467,6.27322552129472,3
3468,-5.32076377558186,1
3469,-1.82241558619223,1
3470,1.80192914517347,2
3471,0.674246073526959,2
3472,-0.446737251934726,2
3473,-3.03795762705459,1
3474,-1.32442784417317,1
3475,0.0602104326151076,2
3476,-0.763833231605356,2
3477,-0.130425767010414,2
3478,0.121222119189233,2
3479,-0.66730214475773,2
3480,-0.892317444171541,2
3481,0.229274976791376,2
3482,1.18360405030045,2
3483,-1.09017130238436,2
3484,-4.07867886267235,1
3485,-0.173960891087615,2
3486,-1.02254160386159,2
3487,-0.364666423193601,2
3488,-0.358304019532621,2
3489,0.192006998204335,2
3490,-0.883609685930349,2
3491,-3.55565288993922,1
3492,-3.0137534164754,1
3493,0.155201186793394,2
3494,-1.07763260721319,2
3495,2.87226024272849,3
3496,0.425207599639901,2
3497,-2.9348460674207,1
3498,2.50176509605977,2
3499,-3.01600252720797,1
3500,1.15152892329233,2
3501,4.72826958928547,3
3502,-1.34808460837684,1
3503,-3.18292538837273,1
3504,-1.50393933015365,1
3505,2.48738609844665,3
3506,1.79026621898744,2
3507,3.86991408315881,3
3508,-3.79131387881947,1
3509,0.698213804189321,2
3510,0.652135057033228,2
3511,4.31421212788626,3
3512,-0.753344538203377,2
3513,3.85351599818882,3
3514,1.78378200048199,2
3515,0.912622167357091,2
3516,4.38609652803312,3
3517,4.31693044412692,3
3518,4.56863895757435,3
3519,-3.66786784217378,1
3520,3.43178163985477,3
3521,0.146021703841,2
3522,-3.86822404727122,1
3523,2.2707832168022,2
3524,-1.30712067167412,2
3525,-3.86300424600788,1
3526,-3.85362369672724,1
3527,3.88219284777553,3
3528,0.793090377704377,2
3529,3.86006984892584,3
3530,-1.49673280807476,2
3531,0.816438255703914,2
3532,-1.73091803863743,2
3533,-0.799226924512563,2
3534,-0.184779206139361,2
3535,-0.08155736257615,2
3536,5.32203281409314,3
3537,0.68981342390161,2
3538,-0.297783274696659,2
3539,-0.809672330735992,2
3540,-0.172836903387074,2
3541,-4.51965399494384,1
3542,-0.786063559931139,2
3543,4.78220989348661,3
3544,-2.88336271641729,1
3545,-0.632693871451233,2
3546,3.56208962972419,3
3547,-2.2078270583898,2
3548,-0.618805090882675,2
3549,3.09568526341197,3
3550,2.97486903434022,3
3551,-3.30174666386638,1
3552,0.447210710627482,2
3553,1.60352059838129,2
3554,-0.506104326333761,2
3555,3.37496094231994,3
3556,-2.38791653909993,1
3557,3.8972382000903,3
3558,0.869691283218553,2
3559,-0.550857321607034,2
3560,-1.61803670297697,2
3561,0.597976195644083,3
3562,1.14673193627733,2
3563,5.04147104126466,3
3564,1.46172387729718,2
3565,-0.213349405510672,2
3566,-0.373347873955579,2
3567,-3.32904197052654,1
3568,0.660500810354084,2
3569,-0.969959941777926,2
3570,4.63716979881548,3
3571,-3.06191171057672,1
3572,-2.6129168804236,1
3573,-3.66665438012218,1
3574,1.22658542110533,2
3575,-2.58529929322154,1
3576,-0.824594641794735,2
3577,-1.18313396550829,2
3578,-1.68068071887634,2
3579,0.480435287129279,2
3580,-0.999070001677223,2
3581,4.65378838043166,3
3582,-5.15764633501528,1
3583,0.000559584625123736,2
3584,-3.03265845235573,1
3585,-0.132880719366657,2
3586,-0.941499131018655,1
3587,3.54110422689563,3
3588,-0.450345071082317,2
3589,-1.92193266204875,1
3590,0.447248575383745,2
3591,-3.50071909796497,1
3592,-0.42412912886889,2
3593,-3.16825020075611,1
3594,4.22881352581904,3
3595,-4.57214415914549,1
3596,1.04745059333788,2
3597,-1.68509594570751,2
3598,0.061686497897853,2
3599,-0.299216322369481,2
3600,-0.716333972116772,2
3601,-0.960676911927524,2
3602,-0.912951650028496,2
3603,-2.68160973959198,1
3604,0.470334653258416,2
3605,4.45666252755814,3
3606,-2.57222432163708,1
3607,-3.65121186936004,1
3608,3.64869000019274,3
3609,-1.10841870084243,2
3610,-1.27104788310115,2
3611,0.909263365392755,2
3612,-3.50333952231556,1
3613,-1.2836842868083,2
3614,3.81343387758018,3
3615,4.33564726344419,3
3616,-1.90435779127418,2
3617,5.0550838439675,3
3618,-1.20502204407324,1
3619,-0.170785226051007,2
3620,3.56805967069919,3
3621,0.507967691166116,2
3622,-2.79816252771123,1
3623,-2.77367505761894,1
3624,-4.73858076137427,1
3625,3.65744567496291,3
3626,-1.48467683482397,2
3627,3.09608237736134,3
3628,-3.99579872485133,1
3629,0.569933206854661,2
3630,1.62733903509555,2
3631,4.12287609218355,3
3632,0.190561242869662,2
3633,-1.50352648318506,2
3634,0.843859777098379,2
3635,4.06614161177312,3
3636,1.96963413281427,2
3637,3.06722406662347,3
3638,0.157479547884347,2
3639,-0.237734026494317,2
3640,-3.97592669282189,1
3641,5.31355186271327,3
3642,0.0198757838998294,2
3643,3.20093444330505,3
3644,2.71923345702999,3
3645,0.490184917432232,2
3646,-3.00581771387999,1
3647,-0.631153638334791,2
3648,-3.14126175728251,1
3649,-0.252828866522159,2
3650,0.930724347311392,2
3651,-1.23986666460124,2
3652,4.42257127133597,3
3653,6.04772366983463,3
3654,0.669032743364687,2
3655,3.6838048420278,3
3656,0.167405046590996,2
3657,4.42530401082008,3
3658,-2.71818068930663,1
3659,3.34840424754846,3
3660,0.510265148781819,2
3661,-0.567967502113959,2
3662,-1.56699248917681,1
3663,-2.92429113218381,2
3664,-3.4271963863382,1
3665,-2.60215779119966,1
3666,3.2329858627305,3
3667,-3.03303615927599,1
3668,1.37068146839201,2
3669,-3.60855717831622,1
3670,-3.98742114939545,1
3671,-2.09712358550089,1
3672,4.26130411406513,3
3673,4.77551490917774,3
3674,2.54739158753545,3
3675,-1.64316314772458,1
3676,0.288570307268879,2
3677,0.813250245338892,2
3678,3.68115221782215,3
3679,-3.41319149521293,1
3680,-0.48204249043091,2
3681,0.373889488898866,2
3682,2.82504131824049,3
3683,-0.0137079788538398,2
3684,0.116494123723035,2
3685,2.14182384410303,3
3686,-4.86022757421842,1
3687,0.691368840963686,2
3688,1.79234298282381,2
3689,2.23801166450312,3
3690,-3.00398894434998,1
3691,-1.42251331058624,2
3692,-0.752163309864745,2
3693,-0.441399608592731,2
3694,1.87590306780823,2
3695,-1.18362070634854,2
3696,-3.60178396209159,1
3697,-0.868606252322955,2
3698,3.24553673140111,3
3699,5.55008979733247,3
3700,-0.921800949287066,2
3701,4.35384367755264,3
3702,1.33516981321616,2
3703,0.515379385755986,2
3704,-0.196572207000955,2
3705,-3.25550910254739,1
3706,0.535026842684138,2
3707,3.66213794350571,3
3708,3.19483653587478,3
3709,0.0737480248594511,2
3710,0.552018613628635,2
3711,3.62745417377927,3
3712,-3.00406065343634,1
3713,5.0912767444417,3
3714,-2.43171137922293,1
3715,-0.983938483895197,2
3716,-0.0105240124009548,2
3717,-1.53369411787315,2
3718,1.0255791375194,2
3719,0.301728112720811,2
3720,3.23354412660646,3
3721,3.88141712097074,3
3722,3.99804687634548,3
3723,0.603866064318714,2
3724,-0.503527347822246,2
3725,-2.37581252797935,1
3726,0.0581058397407738,2
3727,-4.44203464635845,1
3728,-0.229828765324043,2
3729,-0.543607815762763,2
3730,2.03269523090028,3
3731,-0.902215452563371,2
3732,-1.58464088388105,2
3733,-1.52534163542218,2
3734,-2.98903815720099,1
3735,-3.19070343264486,1
3736,-0.266922908129746,2
3737,-2.16178061272151,1
3738,-0.754624453299219,2
3739,4.15706661798432,3
3740,2.56440930061295,2
3741,0.374791848931808,2
3742,-2.8740359178547,1
3743,-3.21073418069178,1
3744,-0.128786668054707,2
3745,1.06322316087704,2
3746,0.199846383343375,2
3747,-2.8387736486738,1
3748,5.07925984220573,3
3749,-2.72368446786421,1
3750,1.18298161074152,2
3751,-2.74483523754592,1
3752,-3.21124691863215,1
3753,-1.21308686319692,1
3754,3.7535775652014,3
3755,-0.339482321326464,2
3756,3.03866035671304,3
3757,5.84888228611145,3
3758,1.06528488521985,2
3759,-0.172993634200965,2
3760,2.69596747984279,3
3761,3.57246562703553,3
3762,0.482825593869976,2
3763,-0.0147790602894336,2
3764,2.88248099809927,3
3765,1.10692029336161,2
3766,-0.548452682937463,2
3767,-3.27589047475051,1
3768,0.0309730324517755,2
3769,-1.98932203548574,1
3770,-2.77245727143119,1
3771,1.49297171304439,2
3772,-3.45801806809694,1
3773,-3.00038464871602,1
3774,0.345640699877904,2
3775,-4.21451438389368,1
3776,1.16046817067689,2
3777,-3.02734696641374,1
3778,0.445657890350966,2
3779,-3.61298775489485,1
3780,3.7781619526518,3
3781,1.63771480212514,2
3782,-0.025326160634408,2
3783,-3.23570035910048,1
3784,0.718177150412894,2
3785,-4.21871181629018,1
3786,4.85815093256837,3
3787,4.62848350965644,3
3788,-0.145485583230482,2
3789,-4.03363921335421,1
3790,-2.15035695436664,1
3791,3.60471071094399,3
3792,-4.0620811934282,1
3793,2.61262798714262,3
3794,0.499962209076086,2
3795,-1.17862518855814,2
3796,0.978938635250335,2
3797,-3.58240167460525,1
3798,-0.552909864931753,2
3799,-3.04134029991743,1
3800,0.00198088559704609,2
3801,4.0419511022535,3
3802,-1.57932497544814,2
3803,3.56064832338157,3
3804,5.18185827608229,3
3805,4.56514853046429,3
3806,0.70300179515007,2
3807,-0.389164984085092,2
3808,4.26776374488234,3
3809,3.64588398649507,3
3810,2.90864686900175,3
3811,-2.74975217865167,1
3812,3.26765962229751,3
3813,-1.83543665542799,2
3814,0.503667184079687,2
3815,-1.38555799043147,2
3816,5.32386033170034,3
3817,-4.41202579265831,1
3818,1.19810154911883,2
3819,-0.437376196501637,2
3820,5.4887659083237,3
3821,4.8815684818519,3
3822,3.58976609433368,3
3823,2.91516328423556,3
3824,-2.44784228578144,1
3825,-3.70150523684066,1
3826,0.137965177633148,2
3827,0.159958657524181,2
3828,-3.16925977453209,1
3829,-3.96185663413013,1
3830,-0.0404459582548468,2
3831,3.99431213507922,3
3832,-1.42847458672458,2
3833,-3.47624689461558,1
3834,-0.583226646211789,1
3835,-3.14642748784792,1
3836,4.16142525820076,3
3837,-0.21362309040986,2
3838,0.784679057850198,2
3839,4.03213329977362,3
3840,0.594545830481905,2
3841,-0.055502568633025,2
3842,-0.569773347655492,1
3843,-4.74837228000318,1
3844,0.129867723949724,2
3845,0.139471132630852,2
3846,6.36056236707844,3
3847,-0.751698873596972,2
3848,0.272107368015517,2
3849,4.87783061301344,3
3850,-0.61217174670739,2
3851,-0.331398650181689,2
3852,3.9083235707297,3
3853,0.948999857957505,2
3854,0.949803349503218,2
3855,5.34150598090498,3
3856,0.214424248543628,2
3857,-4.41528191976949,1
3858,-3.49293742416198,1
3859,-0.911856524356647,2
3860,-3.58363944056009,1
3861,-3.07686589843401,1
3862,-1.63139771598554,1
3863,-2.44995603878586,1
3864,0.359307953730572,2
3865,-2.01002839137289,1
3866,3.26118325603354,3
3867,-1.72773322053148,1
3868,0.244262635869097,2
3869,3.48383005930232,3
3870,1.43374253551606,2
3871,-5.16260814556798,1
3872,0.158047162065185,2
3873,-3.56024185113058,1
3874,-1.9033915282786,1
3875,3.62419790028763,3
3876,3.28107603810414,3
3877,3.09152530007643,3
3878,4.1995024523028,3
3879,1.17110292471268,2
3880,-1.01261509627113,2
3881,-4.37758962460372,1
3882,-0.102197913003283,2
3883,-2.17153597027214,1
3884,-2.69647135859574,1
3885,0.591884173719185,2
3886,-0.631445133964004,2
3887,-4.3193853133442,1
3888,3.45741665605077,3
3889,4.33956133931383,3
3890,-3.7871355949297,1
3891,0.339038070553804,2
3892,1.17045205316643,2
3893,-3.61827152755465,1
3894,0.579936073436706,2
3895,1.83821878632785,2
3896,5.03451545170935,3
3897,-2.96847399540601,1
3898,3.77319513450999,3
3899,-3.60150670800678,1
3900,6.09818317022897,3
3901,1.28079269441467,2
3902,-3.16445308828026,1
3903,4.4924302648451,3
3904,-3.52261669719592,1
3905,1.65412285522879,2
3906,5.13365063401996,3
3907,-1.05414878226856,1
3908,-3.06082195466007,1
3909,-3.8935158344016,1
3910,-0.306040857753799,2
3911,3.7086426513417,3
3912,3.44599197819979,2
3913,-1.15841660363659,2
3914,0.32384533359146,2
3915,-0.619107782374149,2
3916,-1.17781117816458,1
3917,0.103362814930562,2
3918,-3.32903883042167,1
3919,1.17654312205179,2
3920,0.971651297680579,2
3921,-0.939779775135914,2
3922,0.225603363522552,2
3923,3.88952784782027,3
3924,-2.62261202697607,1
3925,-4.52931053118042,1
3926,5.5521299362168,3
3927,0.511525893301122,2
3928,-4.23043092542384,1
3929,-2.37028825330727,1
3930,1.86014831963883,2
3931,-4.09849000709012,1
3932,0.572953053492816,2
3933,5.71313622188412,3
3934,0.710110231783851,2
3935,-0.0385537561204246,2
3936,3.92425200403148,3
3937,-3.13187491182402,1
3938,-1.27573776084355,1
3939,-1.64377150706938,2
3940,0.0377018047450394,2
3941,5.08230069478159,3
3942,-0.341587648007823,2
3943,4.62527030651308,3
3944,4.22276355202882,3
3945,-0.473085651209426,2
3946,-0.679937391524609,2
3947,3.84197682089602,3
3948,-4.68024471568337,1
3949,-2.29725106898954,1
3950,-0.845512772514131,2
3951,-0.494173879373619,2
3952,0.651891003012439,2
3953,-0.980080361865213,2
3954,0.50379348202283,2
3955,-0.0972534984139286,2
3956,2.08700638661479,3
3957,0.850890302293807,2
3958,-3.29507148299227,1
3959,0.552905906109517,2
3960,0.660152576360034,2
3961,0.0244210991546445,2
3962,-3.90050722054786,1
3963,3.19056369250472,3
3964,3.68975341882502,3
3965,4.06118669121417,3
3966,-0.447169999700267,2
3967,-2.5739856373845,1
3968,-1.12022151802517,2
3969,-2.15330336743643,2
3970,-2.61484517631277,1
3971,1.15633016538051,2
3972,2.79080312385721,3
3973,-3.2241259990533,1
3974,0.131156276311986,2
3975,-0.047630325325921,2
3976,4.43284058240008,3
3977,-0.913282565506853,1
3978,1.98934911973313,2
3979,0.67325305433309,2
3980,5.03955625118711,3
3981,3.69677472369573,3
3982,5.12785688257666,3
3983,4.24722361105738,3
3984,-0.648756927555098,2
3985,-0.434144699174267,2
3986,-1.36915034494198,2
3987,3.81960028058897,3
3988,1.14009020938031,2
3989,2.93150827424311,3
3990,-0.0643552748031503,2
3991,-2.35653135948047,1
3992,-3.74133609627283,1
3993,-1.43403337067262,2
3994,1.12330243797358,2
3995,-0.985350251537578,2
3996,-2.19494690637781,1
3997,-0.778056134077629,2
3998,3.91362720815398,3
3999,0.897984249772551,2
4000,-4.38948352398816,1
4001,4.9909431214383,3
4002,-2.36050800209947,1
4003,0.205401537908923,2
4004,0.243522140168039,2
4005,3.98725876016113,3
4006,-3.1861206993735,1
4007,-0.842326346047997,2
4008,-0.404069681572142,2
4009,0.310560313837699,2
4010,-3.53593745633951,1
4011,1.01481148496636,2
4012,-1.00373971119925,2
4013,3.76644265225299,3
4014,3.35507582696731,3
4015,2.68250826072588,3
4016,-4.03872776071744,1
4017,-1.46738937381481,1
4018,5.85310485514469,3
4019,3.42180832597478,3
4020,1.20562199631678,2
4021,3.665569713946,3
4022,5.12320174331884,3
4023,-1.49609939099546,1
4024,3.17938158943985,3
4025,-0.222474087449441,2
4026,-5.46589819376003,1
4027,4.10267905941179,3
4028,1.81636425818632,2
4029,-1.30002668088558,2
4030,-0.14794501066047,2
4031,-1.69980132233318,1
4032,-0.710477164451561,2
4033,-2.68357308324702,1
4034,-0.239518273513102,2
4035,0.129017185333089,2
4036,-3.21284827864653,1
4037,-3.09514745084929,1
4038,0.956998418875964,2
4039,0.269592443334572,2
4040,1.54052050648587,2
4041,3.17574739008286,3
4042,5.27557246284008,3
4043,-2.46020939446373,1
4044,-2.24837094340872,1
4045,5.93038249378531,3
4046,1.33843952252584,2
4047,0.126642533268377,2
4048,-0.864556217319535,2
4049,-0.858810426620774,2
4050,2.26867190090443,3
4051,-3.99250715039204,1
4052,4.31936739847126,3
4053,0.113244143951999,2
4054,-0.925845864287955,2
4055,0.303400263453468,2
4056,-3.24669187846237,1
4057,-0.240116874283649,2
4058,4.65189379371313,3
4059,-1.07342867377695,2
4060,5.66343831012612,3
4061,-2.79042117110775,1
4062,-2.37223493846721,1
4063,1.73234970040474,2
4064,1.95986636235492,3
4065,-2.02362702275776,2
4066,-0.809398778237112,2
4067,4.40394163590037,3
4068,1.25274819689651,2
4069,4.02574907268296,3
4070,0.177691497867866,2
4071,3.8742966475168,3
4072,-3.87525547749552,1
4073,1.09348038421025,2
4074,-1.94581897662308,1
4075,-1.40079202951579,2
4076,4.71293461662911,3
4077,-0.386892082931343,2
4078,-5.21063311057562,1
4079,-0.167781876538558,2
4080,1.83669092425245,2
4081,-1.7629072985395,2
4082,2.95298028238108,3
4083,-2.97954929147497,1
4084,3.44499364431741,3
4085,-1.44825998440898,2
4086,4.76242000773448,3
4087,-0.168162991818019,2
4088,-2.90743706217279,1
4089,0.774055477159116,2
4090,3.93230451513137,3
4091,4.60011309715656,3
4092,-3.02704571876399,2
4093,3.59951767769039,3
4094,-2.16126420756774,1
4095,2.70342449761574,3
4096,3.98851600285905,3
4097,-0.22192460273239,2
4098,3.33282667552655,3
4099,-3.32614389250535,1
4100,4.70172079219505,3
4101,-0.642231450884744,2
4102,-2.58972490350958,1
4103,4.06441867846806,3
4104,0.440956164186974,2
4105,-2.63162267146674,1
4106,-0.43940582572685,2
4107,-0.419232279340387,2
4108,-3.65240436649933,1
4109,0.010704375169905,2
4110,-3.5810673805665,1
4111,-4.67112705864224,1
4112,-2.00649614403788,1
4113,-3.17797198909342,1
4114,-0.189466034412415,2
4115,-0.91141928834144,2
4116,-4.09958583285891,1
4117,0.702009423048609,2
4118,-2.09524110630469,1
4119,4.1276412740488,3
4120,-2.77060450429153,1
4121,-4.24860020954842,1
4122,-1.62158019298444,2
4123,3.51252885722682,3
4124,-1.04436247308976,2
4125,0.343554315548721,2
4126,-2.29142750276276,2
4127,1.71484437492178,3
4128,0.278374001552994,2
4129,-1.13344115426419,2
4130,3.21151523241995,3
4131,-0.192239361431668,2
4132,1.01282233205102,2
4133,-0.430071756633296,2
4134,-0.0420905845473089,2
4135,4.48836473139348,3
4136,-0.0766213726151868,2
4137,-3.14051395824836,1
4138,-2.9987928160619,1
4139,-1.38737601474183,2
4140,-0.50503847808422,2
4141,5.98732056206851,3
4142,-2.953266472482,1
4143,2.08622057938664,3
4144,2.91587367792808,3
4145,0.0364706090665567,2
4146,-3.05556196552454,1
4147,1.86441835241795,3
4148,1.16741884047502,2
4149,6.45690107208285,3
4150,-5.2490510903324,1
4151,-0.930310131580784,2
4152,4.05735700023087,3
4153,0.0517969525608289,2
4154,4.79918225485302,3
4155,-0.830126638963554,2
4156,-0.7378562051922,2
4157,0.686284539494493,2
4158,-0.962425981759565,1
4159,-0.466197814954333,2
4160,-1.41310062159301,2
4161,-0.209374034941842,2
4162,-5.54193110113798,1
4163,5.35372676264559,3
4164,3.63083288961391,3
4165,-0.667393503214494,2
4166,-4.61403945661912,1
4167,0.0773429033210805,2
4168,0.79144564883068,2
4169,1.20114550405925,2
4170,0.4683515981661,2
4171,-4.54591665206502,1
4172,1.31400656157686,2
4173,2.48310511270667,2
4174,-1.64905677245587,2
4175,-1.18344198624181,2
4176,3.32338286622449,3
4177,-2.11753483560341,1
4178,-2.57885282696267,1
4179,5.63056369553001,3
4180,0.7300686247158,2
4181,0.990388920100186,2
4182,-2.46314397776845,1
4183,-0.0571041609665933,2
4184,3.60737597228517,3
4185,-0.593243113086633,2
4186,0.559297162978602,2
4187,1.38496025874941,2
4188,-4.45570470165602,1
4189,-0.974533231961422,2
4190,0.931140803824297,2
4191,-1.86866278658582,1
4192,3.58093017654621,3
4193,-0.874739293700878,2
4194,-3.49929201717226,1
4195,0.00724071688079461,2
4196,-3.03406725373846,1
4197,0.273188529340283,2
4198,3.63648339876213,3
4199,0.50699835111917,2
4200,-0.921029235202948,2
4201,-2.42127762538355,1
4202,-0.223717667477607,2
4203,5.37168518589256,3
4204,4.6349370032784,3
4205,-1.32473847060709,2
4206,4.05525418150154,3
4207,2.9319031098467,3
4208,0.909581324222176,2
4209,-2.85934446827502,1
4210,-0.128191449344178,2
4211,0.0181888905579539,2
4212,0.947230675691712,2
4213,3.22084236621057,3
4214,-0.446038295193205,2
4215,1.03625304627522,2
4216,-0.153636906688639,2
4217,-1.1838104344236,2
4218,5.12579662627949,3
4219,-2.37709453766281,1
4220,4.02006717924008,3
4221,0.900771211455154,2
4222,-0.729642170281023,2
4223,-2.15372852973199,1
4224,4.26981624530979,3
4225,-1.41254586013546,1
4226,6.04758884678852,3
4227,-2.78632548155893,1
4228,3.95645343839917,3
4229,0.688855928032327,2
4230,-3.20183804471,1
4231,-1.85598467431499,1
4232,-0.608044983359464,2
4233,-2.79036716693897,1
4234,0.72420916681353,2
4235,-0.906378995284437,2
4236,5.30415523517353,3
4237,-1.40656942486375,2
4238,1.76226244398383,2
4239,-0.197527824058765,2
4240,4.01174921534991,3
4241,-3.18385831054605,1
4242,0.852789539234795,2
4243,1.63663678241691,3
4244,0.928280305471999,2
4245,2.20591227135873,2
4246,3.65414165875951,3
4247,0.889579274958517,2
4248,0.344005988229784,2
4249,-3.29409532715611,1
4250,0.252441911929357,2
4251,-1.98726197290655,2
4252,-4.01559257860354,1
4253,0.518804573838924,2
4254,0.713489787805378,2
4255,3.59540605937418,3
4256,1.88993924526386,2
4257,-0.277110287899164,2
4258,-1.36758780159598,2
4259,-2.17638909737794,1
4260,-0.0418580303239525,2
4261,-0.215953934243082,2
4262,4.08003461038881,3
4263,-0.0157570470708231,2
4264,1.17798559053759,2
4265,-0.198840252562067,2
4266,-0.956586822541286,2
4267,-0.0327291610703558,2
4268,0.661470374680939,2
4269,-0.645232545817526,2
4270,6.37274263187425,3
4271,0.446986972332676,2
4272,3.38792690677076,3
4273,-2.83205901926354,1
4274,-3.12039382462249,1
4275,-5.24869006681656,1
4276,-1.99050381426251,1
4277,2.88360157614391,3
4278,-0.37808428586824,2
4279,3.24763230801349,3
4280,-0.0749796735619425,2
4281,1.10252557067069,2
4282,0.286457004628382,2
4283,0.249413868883769,2
4284,2.95727666702027,3
4285,2.75999122621533,3
4286,2.02629406134448,2
4287,-4.19736350236541,1
4288,-1.00418088565794,2
4289,3.62902635457941,3
4290,2.89217462525255,3
4291,4.68772905198068,3
4292,0.800893238074751,2
4293,-3.45270064650823,1
4294,-0.508024170765753,2
4295,5.57093734002844,3
4296,-0.174061043295515,2
4297,-1.38844193950875,2
4298,4.39833540009356,3
4299,-4.31345091651841,1
4300,-3.38877986407174,1
4301,0.354804415624792,2
4302,-2.59363352851522,1
4303,-0.456571640834288,2
4304,3.90303598376374,3
4305,-0.0304302819621278,2
4306,1.01000141216471,2
4307,0.0743993511918555,2
4308,0.842619843915447,2
4309,1.14500500709272,2
4310,4.6431477517884,3
4311,0.263312888069558,2
4312,3.57789308048124,3
4313,5.16652154284273,3
4314,0.00041872417518068,2
4315,3.41282193042968,3
4316,-3.52334168268403,1
4317,-0.255133994076784,2
4318,0.0383256998883746,2
4319,-1.99762732818409,2
4320,0.924698947331539,2
4321,0.479237258969012,2
4322,-0.0617882821038357,2
4323,0.397543921415631,2
4324,0.171146054168896,2
4325,-1.13314815529314,1
4326,-0.166695812608068,2
4327,0.605893415386905,2
4328,-2.2591854762741,1
4329,-0.819342713160187,2
4330,0.117951165076868,2
4331,-0.441453852528097,2
4332,-2.3391797022102,1
4333,-0.044407932368369,2
4334,-2.83548129149416,1
4335,1.13283957772548,2
4336,-0.530038313429479,2
4337,-2.38201418283347,1
4338,4.16022112029313,3
4339,0.35558715707793,2
4340,-1.62619427460619,2
4341,-0.754740241638123,2
4342,0.107028807376313,2
4343,0.602384353454137,2
4344,-0.59186388659965,2
4345,-0.300444528172987,2
4346,-3.08336906647183,1
4347,0.0248371823468652,2
4348,-0.558897599388836,2
4349,4.43006635444484,3
4350,-0.284222614442247,2
4351,5.41707010715515,3
4352,0.912744882660601,2
4353,-1.19265860477875,2
4354,-4.65325556323487,1
4355,-0.411125620176541,2
4356,-1.10331774675753,2
4357,1.68308408170103,2
4358,4.12633942142755,3
4359,1.91920203989338,3
4360,-0.207148755289783,2
4361,1.10405027494058,2
4362,1.55487239810675,2
4363,-1.21548799679483,2
4364,-3.78414400484265,1
4365,-1.07415455414373,2
4366,-1.51806598412312,1
4367,4.66459055871214,3
4368,5.54366298645497,3
4369,-0.0744828631416607,2
4370,3.68463710634002,3
4371,-0.726712528090392,2
4372,-1.16383957087157,2
4373,-1.43253449521809,2
4374,1.11829159511152,2
4375,-1.94070545396635,2
4376,-0.0529502178125204,2
4377,0.11153896347961,2
4378,-2.96547232867848,1
4379,-0.866128522960584,2
4380,4.28934844589101,3
4381,3.15460640323091,3
4382,0.144826651838118,2
4383,-3.31051011578667,1
4384,1.41717620939511,2
4385,-1.08426494447674,2
4386,1.06793715834658,2
4387,3.96079726032662,3
4388,0.0396426273274589,2
4389,0.864579771902525,2
4390,0.79571099126796,2
4391,-2.38354428364856,1
4392,-1.34251068086662,2
4393,-0.401235599512803,2
4394,2.52239807042822,2
4395,3.58344743766929,3
4396,-0.434319399579906,2
4397,3.3195164157812,3
4398,3.91197590425322,3
4399,-0.185507451338307,2
4400,-0.393075493057358,2
4401,-4.04384462163877,1
4402,-4.70157980266041,1
4403,-2.37391865462315,1
4404,0.230932004729973,2
4405,-3.59417764162422,1
4406,-0.561343472177005,2
4407,0.164420107478753,2
4408,3.90608690505925,3
4409,0.96779678824769,2
4410,-2.46151796789736,1
4411,-1.49352037264224,2
4412,-1.16773308895199,2
4413,-0.571339759295445,2
4414,-0.0207296794375628,2
4415,0.906392247142644,2
4416,5.4697778124469,3
4417,4.01429604852324,3
4418,1.2755091369191,2
4419,-2.7499226463944,1
4420,-0.308285996753884,1
4421,-3.30596266373992,1
4422,4.94368017090588,3
4423,0.727129908185823,2
4424,-0.118307690254848,2
4425,-2.48601621355207,1
4426,0.144878603892084,2
4427,-2.87071226483905,1
4428,-0.800882335188553,2
4429,0.016892882113848,2
4430,4.10655280715774,3
4431,-0.0163205357692386,2
4432,-3.03459350579904,1
4433,0.402171012485224,2
4434,0.149893353102687,2
4435,3.84736738945296,3
4436,2.96797399079296,3
4437,3.32083313640848,3
4438,-2.5500632128538,1
4439,0.0910405396538839,2
4440,-0.647407029764523,2
4441,4.96786328894985,3
4442,2.17925903117692,3
4443,1.44882146078712,2
4444,-1.87882921935136,1
4445,0.318990398966857,2
4446,0.160043407644027,2
4447,0.595457863443718,2
4448,-2.88235340289987,1
4449,-1.05217728142542,2
4450,-0.0210603638865698,2
4451,3.62444420950524,3
4452,0.856214879376642,2
4453,-0.654460530329722,2
4454,2.47901577409201,3
4455,-1.55544914157665,1
4456,5.33340158586542,3
4457,4.44388500782792,3
4458,4.11203203267892,3
4459,0.903843672415332,2
4460,3.16833624191677,3
4461,-1.64170410993825,2
4462,-2.13635156584225,1
4463,-0.699228106144098,2
4464,0.979023019683957,2
4465,-3.16328493222929,1
4466,-3.86603774467211,1
4467,5.73819787845621,3
4468,-1.89316257933355,1
4469,3.36994114427965,3
4470,-0.161728735063497,2
4471,-3.65051261877453,1
4472,-0.208988948819788,2
4473,-0.611379118364512,2
4474,-3.4140158630423,1
4475,2.68852433056933,2
4476,0.458411654341046,2
4477,-0.661276942989563,2
4478,-1.99597404699554,2
4479,0.937609547717227,2
4480,-3.96797549196649,1
4481,-1.15141589767973,2
4482,3.51460608483997,3
4483,3.05332073783329,3
4484,0.645281929502748,2
4485,-2.37759021711389,1
4486,3.21950014661105,3
4487,-4.80689296408533,1
4488,-1.80479352957423,1
4489,-2.58857007938427,1
4490,0.951889434480402,2
4491,1.48433728415762,2
4492,0.37431582186532,2
4493,0.666254011057847,2
4494,-3.4697876341551,1
4495,-3.46869601500221,1
4496,1.25185533604649,2
4497,1.4317564961981,2
4498,0.460690015413864,2
4499,0.0418094360662308,2
4500,3.40820840329348,3
4501,-1.87492810772201,1
4502,-3.7496685840837,1
4503,3.7245538091399,3
4504,2.20669814449417,3
4505,-0.495919045927329,2
4506,-2.64371665513795,1
4507,-0.0823685875750121,2
4508,3.88207384588139,3
4509,5.15052514849622,3
4510,3.03859657745899,3
4511,3.66383515980823,3
4512,-1.26406262745094,2
4513,-3.01072448465932,1
4514,-2.62708840479125,1
4515,-3.07041531390573,1
4516,-0.282203311332044,2
4517,0.0500653563275891,2
4518,0.0496970129853213,2
4519,-3.38047100101238,1
4520,4.95956445740242,3
4521,4.60587089573032,3
4522,1.41825778478758,2
4523,-3.27988239714252,1
4524,-3.50386693303702,1
4525,2.48098253725413,3
4526,1.49209519404243,2
4527,5.78414809991051,3
4528,0.357918034047249,2
4529,2.17921757620798,3
4530,-3.16242194247942,1
4531,-3.65156716476416,1
4532,0.968542779160611,2
4533,-0.826313344778546,2
4534,-0.61008573154393,2
4535,2.19985222108059,3
4536,4.02763141204576,3
4537,0.179366928287778,2
4538,-2.62352510558411,1
4539,-2.69695430477455,1
4540,4.02023722345918,3
4541,1.75542469591068,3
4542,-3.1640900041348,1
4543,-0.493898645223734,2
4544,2.56038705556912,3
4545,-2.95400623333808,1
4546,0.0792020596796242,2
4547,-0.488027222960909,2
4548,4.9233164796629,3
4549,-0.869954917300795,2
4550,3.52649293971978,3
4551,3.53761289795163,3
4552,-3.65868185660498,1
4553,0.839196893439883,2
4554,0.726076067920901,2
4555,3.4964232755368,3
4556,-3.66161573483645,1
4557,-1.91920050384848,1
4558,-2.38343218252257,1
4559,-0.103483046838697,2
4560,0.30944156174369,2
4561,0.0906116207122605,2
4562,5.10998565612562,3
4563,4.00654046838386,3
4564,-0.130834635112921,2
4565,3.46871505625377,3
4566,0.729049301052678,2
4567,3.17199646398011,3
4568,3.07346635286777,3
4569,0.960598919602869,2
4570,-2.52950726804617,1
4571,-2.34502321435256,2
4572,0.239222737737268,2
4573,-1.94694947947191,2
4574,-0.904861863579162,2
4575,0.0614874404655674,2
4576,-5.30916887564081,1
4577,0.22574206980329,2
4578,4.75474333513954,3
4579,-0.286641470723756,2
4580,-2.23734885367363,1
4581,4.84079639109878,3
4582,0.692659114556169,2
4583,-4.62185825912421,1
4584,3.38352534790797,3
4585,-3.84689638882032,1
4586,-2.74078205078562,1
4587,-3.00815215232554,1
4588,0.0403178822322321,2
4589,2.97990094313702,3
4590,-3.61526831609648,1
4591,3.78463768962971,3
4592,3.15925555619113,3
4593,5.94979547041335,3
4594,-1.05387207492976,2
4595,0.758042251915415,2
4596,4.71069388942133,3
4597,-1.14942829638938,1
4598,1.89663701960685,2
4599,0.18706179676923,2
4600,0.277361276663907,2
4601,-2.36064350802948,1
4602,1.47246617375261,2
4603,-2.72893324324945,1
4604,-0.34352592755542,2
4605,-2.92640139099213,1
4606,0.154679830539963,3
4607,3.52672726785322,3
4608,-1.47585718982119,1
4609,1.34246054657364,2
4610,0.390638832603374,2
4611,-0.460631493696267,2
4612,3.28121532107065,3
4613,-2.11699768898275,1
4614,0.991049481939802,2
4615,4.78186125533727,3
4616,-0.272868241427588,2
4617,0.427162210957329,2
4618,5.1416552660134,3
4619,-4.12910954273777,1
4620,-2.34674232052862,1
4621,-1.28742628778282,2
4622,-3.53880915997759,1
4623,-0.779596108965332,2
4624,1.07226546534951,2
4625,1.71439383448494,2
4626,1.50006794941982,2
4627,0.773587127057442,2
4628,-0.414164333478325,2
4629,4.94452290604496,3
4630,-0.446968711845108,2
4631,-1.87085560435837,1
4632,0.271445584725597,2
4633,3.95018986832553,3
4634,-2.97986369723924,1
4635,3.57904356039657,3
4636,0.678266250489179,2
4637,3.80018304298997,3
4638,-3.05003726788763,1
4639,2.15234988031653,3
4640,4.3306872852672,3
4641,-0.642473816319185,2
4642,-4.10148343893874,1
4643,-5.84854676989379,1
4644,4.41119385114911,3
4645,4.37193040477742,3
4646,4.25601583787308,3
4647,-0.380935589430475,2
4648,4.18999264782211,3
4649,3.3347117045139,3
4650,-2.82180981158198,1
4651,-0.448890499888346,2
4652,-2.35978263907092,2
4653,3.94980512441662,3
4654,1.17884728859329,2
4655,-2.83515913208153,1
4656,-0.38271233932852,2
4657,-1.39520577829527,2
4658,-2.20794052211973,1
4659,0.132514461575596,2
4660,5.39154886537592,3
4661,-2.3938697385644,1
4662,3.35031381335676,3
4663,1.19787605791361,2
4664,-1.41956816301408,1
4665,-1.56609128850758,2
4666,-0.952345799282998,2
4667,5.71291745793914,3
4668,-2.79261884261469,1
4669,0.207376636370952,2
4670,-1.32884232612394,2
4671,-3.15803070517836,1
4672,-4.98295385072071,1
4673,-0.625265284904606,1
4674,-0.0264957619663642,2
4675,2.8165429101956,3
4676,3.73248564695337,3
4677,1.14035660065238,2
4678,0.163631745977142,2
4679,3.90134486379296,3
4680,1.46142509399092,2
4681,-3.30755690959636,1
4682,-3.56076242113106,1
4683,0.128002504049283,2
4684,-4.0717469181598,1
4685,-0.518615722213841,2
4686,-3.00324112682536,1
4687,3.73222073182682,3
4688,0.572135777806248,2
4689,-2.24435886762858,2
4690,-1.55853824394496,1
4691,0.921528665264763,2
4692,-2.17188843423057,1
4693,0.901248254480784,2
4694,-0.865434757919647,2
4695,4.48879489972513,3
4696,1.74067850954298,2
4697,4.4566192186952,3
4698,-0.838584153697213,1
4699,1.61863073979497,2
4700,-2.76636638591013,1
4701,-0.988746409880949,2
4702,4.30202847008572,3
4703,-0.636610202834169,2
4704,0.0369392685017888,2
4705,3.89776747173957,3
4706,0.600319646411984,2
4707,-1.92598773971801,1
4708,-0.925260469371071,2
4709,-1.80839873148967,1
4710,-0.761426888665313,2
4711,-0.325172996563801,2
4712,-1.37637879231977,1
4713,-1.90542179215763,1
4714,0.461566093810851,2
4715,0.0549578832347883,2
4716,4.7007093201852,3
4717,-2.85637676533725,1
4718,-0.253433896782625,2
4719,3.15928660971493,3
4720,-1.98716566415575,1
4721,3.1645690468818,3
4722,3.94074786065009,3
4723,0.646328884938565,2
4724,3.21451232191218,3
4725,-3.2185938168562,1
4726,-3.1607983677456,1
4727,-1.57567689033124,1
4728,-4.07742065311198,1
4729,4.49975457871294,3
4730,-1.03171726842629,2
4731,-0.0427132349614842,2
4732,-3.50851168187244,1
4733,0.543313021143199,2
4734,-1.11716020761353,1
4735,4.27919998017336,3
4736,-0.948963399300591,2
4737,0.999654436310686,2
4738,-1.70652962208432,2
4739,0.456318829076642,2
4740,3.6365012331257,3
4741,1.18452861310422,2
4742,-2.5920538037517,1
4743,-4.05912444601131,1
4744,3.40510518032946,3
4745,2.42065630980964,3
4746,-0.095715548183244,2
4747,-1.91080776349795,1
4748,-2.6256547767405,1
4749,3.97915492885355,3
4750,-0.929159357105225,2
4751,-1.08485155565336,2
4752,5.75761505825842,3
4753,-1.04326069445062,2
4754,-3.57356027076828,1
4755,0.763807156156156,2
4756,1.44680593483769,2
4757,-1.86080985001404,2
4758,0.267385200686626,2
4759,-3.0966860732067,1
4760,-0.498031819112054,2
4761,-1.94852696812301,2
4762,3.11056467220627,3
4763,-2.28331667906117,1
4764,0.345458004978349,2
4765,-3.74069052219015,1
4766,0.977118793831966,2
4767,2.16566298935473,2
4768,-4.63637926805902,1
4769,4.11708093661563,3
4770,4.93362862387932,3
4771,0.192114963876683,2
4772,-0.485252516092759,2
4773,4.83124485996798,3
4774,1.37356613266313,2
4775,3.38803269552445,3
4776,0.776055388702504,2
4777,4.42911284876741,3
4778,2.69010311135172,3
4779,-3.34975423921127,1
4780,-0.226077238947635,2
4781,-0.00772866548853936,2
4782,2.89924787176992,3
4783,-4.9189517717066,1
4784,-0.0990034590490781,2
4785,0.353123764853313,2
4786,-0.394021000135933,2
4787,0.901955687705,2
4788,-4.94878708644615,1
4789,0.956413629126856,2
4790,0.505399670062373,2
4791,-2.28366838050088,1
4792,-3.85628140340325,1
4793,5.41632891445669,3
4794,-3.23935156713812,1
4795,-3.09363679391105,1
4796,-1.29828942974782,2
4797,-1.55052527235048,2
4798,4.43631166730502,3
4799,0.0350952708732367,2
4800,-2.23836049235314,1
4801,-0.388600519991625,2
4802,0.250102680449516,2
4803,0.518567097096957,2
4804,-0.406090232626196,2
4805,0.0593338459343979,2
4806,-0.164407004838077,2
4807,-0.0714200255752952,2
4808,1.12619804153917,2
4809,-0.238479090814592,2
4810,0.710314711011948,2
4811,-1.94233582905702,1
4812,0.629245190810868,2
4813,-1.38342236285305,1
4814,3.53165029862513,3
4815,-1.44129168585088,1
4816,-0.462754276400969,2
4817,-2.43773265459693,1
4818,-0.185835544381645,2
4819,4.48604221156825,3
4820,-1.09763817832107,1
4821,2.84170949344559,3
4822,-2.61163483718063,1
4823,3.04429194748853,3
4824,-0.535742096095451,2
4825,-0.0896303158722854,2
4826,-3.38022652028776,1
4827,-0.131003819224936,2
4828,-0.878441856374896,2
4829,-1.34221036389457,2
4830,-0.905791592082889,2
4831,-2.86999323859786,1
4832,-2.35562345148117,1
4833,-1.54098229380283,2
4834,1.35278265051485,2
4835,-4.21394447023951,1
4836,-5.19892325418371,1
4837,-0.0278099839182587,2
4838,-4.99153817604302,1
4839,2.3527111856399,3
4840,-1.54987204866956,1
4841,-4.22844456851225,1
4842,5.24722079517353,3
4843,2.6123105208944,3
4844,-2.67569565583862,1
4845,0.705940084746793,2
4846,-4.99917741100747,1
4847,-0.114388107013693,2
4848,3.78366853795239,3
4849,0.0560043037582182,2
4850,-0.794798686051251,2
4851,-1.05339701036674,2
4852,1.18075478725766,2
4853,-0.655573374851947,2
4854,3.43743252090014,3
4855,5.10109495742482,3
4856,-0.316606290644603,2
4857,1.48194329316471,2
4858,-0.393625324430424,2
4859,-3.18918610643503,2
4860,-3.22132615316688,1
4861,-2.82909367665096,1
4862,1.54810614854915,2
4863,3.01825296774883,3
4864,0.352533747158679,2
4865,-0.646441834619146,2
4866,-0.201470462297899,2
4867,-0.731197996627968,2
4868,4.18263452090634,3
4869,-1.88827924579304,2
4870,1.11425467962836,2
4871,-3.37458085776701,1
4872,5.84942278547432,3
4873,-3.32160606988796,1
4874,-0.608838514896523,2
4875,0.589335500714839,2
4876,0.173999331072479,2
4877,3.02759498802368,3
4878,0.263265192295681,2
4879,0.50870846650783,2
4880,-4.93994015479026,1
4881,0.952848473501362,2
4882,-3.99050763046656,1
4883,4.45810948769955,3
4884,3.5602786689864,3
4885,2.57642476090486,3
4886,0.492345014924342,2
4887,1.09095134492324,2
4888,-1.5827634676954,2
4889,0.142993683957656,2
4890,-2.9302337690997,1
4891,-1.04871482146234,2
4892,-1.89803988850216,2
4893,-2.26918438999341,1
4894,3.0130890433625,3
4895,4.86892314960292,3
4896,3.68667235956508,3
4897,-1.27941767070771,2
4898,-0.523353123310595,2
4899,4.19079564110445,3
4900,-0.762953410175363,2
4901,-2.7693831693688,1
4902,-2.19381514455271,1
4903,-4.04167329428932,1
4904,-2.42141070839149,1
4905,0.791413490106773,2
4906,-0.111996250957537,2
4907,-4.02642090030678,1
4908,-1.95937684708549,1
4909,-5.20273488009703,1
4910,-0.492533775468942,2
4911,-2.87385293090242,1
4912,0.435007205526097,2
4913,-3.04287045729132,1
4914,3.46383098142518,3
4915,4.37236005511755,3
4916,-3.05402812508544,1
4917,0.381958965453471,2
4918,4.25544231281267,3
4919,-2.92544882282627,1
4920,-0.751862790605904,2
4921,-0.265734673601599,2
4922,-5.11120837326053,1
4923,3.17456561963781,3
4924,1.8597519888007,2
4925,-3.35119622955654,1
4926,3.66413621690486,3
4927,3.97502904608997,3
4928,-0.166712862493818,2
4929,-1.89015186107028,1
4930,4.71472038572772,3
4931,-4.7271210366452,1
4932,0.845613579477121,2
4933,2.20532606437082,2
4934,-3.19986723499813,1
4935,0.815918700985696,2
4936,0.392367468010023,2
4937,1.11576331613128,2
4938,4.04145212257781,3
4939,-0.80359786515808,2
4940,-1.37311878580532,1
4941,-0.295919836775165,2
4942,4.00114889952699,3
4943,-1.97552513700677,1
4944,-3.44823418926552,1
4945,4.69229841445117,3
4946,0.763324150905144,2
4947,-2.65389638044639,1
4948,-1.06024400806284,1
4949,0.153781366543957,2
4950,0.350356614408586,2
4951,-0.338939735460729,2
4952,-0.13434798554826,2
4953,-2.07445390150089,1
4954,-4.75130208309482,1
4955,-2.84987986881186,1
4956,-2.60643362700519,1
4957,0.26872572369192,2
4958,-0.656474025297409,2
4959,-0.967552745503026,2
4960,0.70753008168036,2
4961,4.59188583653065,3
4962,0.54465183257037,2
4963,1.58625545540677,2
4964,-0.869121565044251,2
4965,-4.42618467292015,1
4966,-0.91363806913849,2
4967,0.61349124249014,2
4968,0.171301431637089,2
4969,-4.00537758159341,1
4970,3.87838035045059,3
4971,0.481837360399392,2
4972,4.3467423824126,3
4973,-2.18234055362591,1
4974,1.10273386310226,2
4975,2.27918318218884,3
4976,3.86196755023835,3
4977,-0.363129456938101,2
4978,-1.59789551871642,2
4979,3.92096370176171,3
4980,-1.10300468277767,2
4981,-0.554820797749138,2
4982,-4.22465855193064,1
4983,-0.116979104080516,2
4984,-1.0692521723823,2
4985,-0.578854149910313,2
4986,-3.93889591970583,1
4987,-0.916927645815254,2
4988,4.41934009915255,3
4989,0.379181152233395,2
4990,0.409670706675348,2
4991,1.34149424244086,2
4992,-3.12361797899734,1
4993,2.9220395140873,3
4994,0.951392914928735,2
4995,-1.07382112975227,2
4996,-3.99678074220752,1
4997,3.97593981732987,3
4998,-4.51466765378175,1
4999,-2.61471959887367,1
5000,-3.51606383094478,1
5001,0.765024386769347,2
5002,6.31791782237971,3
5003,0.819763821351807,2
5004,-2.19971757795955,2
5005,3.63984822426327,3
5006,-4.42845961222117,1
5007,0.17658846965934,2
5008,1.40087647763291,2
5009,3.48403254881002,3
5010,-0.608092801083095,2
5011,5.71372829226929,3
5012,-4.68591645453874,1
5013,0.707369557331155,2
5014,4.53462955922679,3
5015,3.2195357432356,3
5016,-3.32850657256808,1
5017,1.70213970919678,2
5018,-0.0463609106163996,2
5019,-2.36387596481785,1
5020,0.242420207917438,2
5021,-0.133160098464251,2
5022,0.749614934060325,2
5023,-0.882994997402491,2
5024,-0.0262386429965182,2
5025,3.07451362672794,3
5026,0.04830946044581,2
5027,-0.976873614932792,2
5028,-3.96405361049456,1
5029,0.08889294253109,2
5030,0.74982570129541,2
5031,5.80325813155164,3
5032,-1.66561641466505,1
5033,4.17553477956171,3
5034,4.38663280046535,3
5035,-0.105956081619216,2
5036,-0.120114745397783,2
5037,-0.521254198642911,1
5038,1.79564472276236,2
5039,-0.786908548603668,2
5040,0.120618840406489,2
5041,-1.15361378713773,2
5042,-0.186805476866261,2
5043,-4.72673039911433,1
5044,0.0970799341271092,2
5045,0.187964744297138,2
5046,-4.61788270828916,1
5047,-1.85573729203814,1
5048,0.039712049725824,2
5049,-3.1972648690763,1
5050,1.20042237058618,2
5051,-0.194705861996096,2
5052,-0.236683939495527,2
5053,-3.2834053149823,1
5054,1.0894357099953,3
5055,4.18934179703758,3
5056,-0.627376645697984,2
5057,4.36547804800687,3
5058,-3.2079172780196,1
5059,4.44905204673096,3
5060,2.51106871377717,3
5061,-0.386137877288101,2
5062,-0.76034070044251,2
5063,1.58218645567045,2
5064,4.08211826022117,3
5065,-2.26350403522656,1
5066,4.50534710397092,3
5067,-2.82689512650705,1
5068,-3.06001325333327,1
5069,-0.144725349116328,2
5070,-2.9452072155274,1
5071,-1.64288035315051,1
5072,-1.11280918419286,2
5073,3.61086410939763,3
5074,2.44556944239351,3
5075,1.31070146790882,2
5076,1.25450869273938,2
5077,3.23179480286903,3
5078,2.59785805776706,3
5079,0.762910501226987,2
5080,-3.84288969741598,1
5081,0.201738895091501,2
5082,-1.51159225445321,2
5083,0.581194816879208,2
5084,2.90880924192443,3
5085,4.30938110694801,3
5086,-3.8358940533936,1
5087,-3.75834541741655,1
5088,4.84121368820396,3
5089,-1.76430653769986,1
5090,3.75369378626296,3
5091,1.73874301887633,2
5092,-1.28580147422857,1
5093,4.33453894795659,3
5094,-0.987757040660953,2
5095,-2.24322523620404,1
5096,4.04152023311902,3
5097,-2.39203567777497,1
5098,5.78350470205458,3
5099,-0.307454889660927,2
5100,-0.143448325440646,2
5101,0.300715141684049,2
5102,3.15363651920269,3
5103,4.26412890199768,3
5104,-3.30703655859473,1
5105,5.76498441952636,3
5106,4.45315116214041,3
5107,0.306202128122618,2
5108,2.2990344733816,3
5109,3.614220537841,3
5110,3.8831617049646,3
5111,-0.597874523412628,2
5112,0.430427805191253,2
5113,-1.04050799863329,2
5114,0.607284523395547,2
5115,1.94328489677314,2
5116,3.39987276525582,3
5117,-1.06639966452267,2
5118,-3.11286323942897,1
5119,-0.183980050914444,2
5120,-3.89320757005495,1
5121,-2.36847687221917,1
5122,3.85260275304757,3
5123,3.93661257860049,3
5124,-2.56362573780746,1
5125,-0.37715379660842,2
5126,-3.46398724296601,1
5127,-0.468870655033282,2
5128,-3.5023234531093,1
5129,1.1648359123802,2
5130,1.71949292604995,2
5131,0.152877951357064,2
5132,1.50342038213375,2
5133,5.70969004834188,3
5134,-3.1267781597923,1
5135,-3.44655721642722,1
5136,-0.936922309126624,2
5137,-3.34965038795355,1
5138,-1.71489505383856,2
5139,-0.0722267927390164,2
5140,-3.65674292536108,1
5141,1.16681337455667,2
5142,-0.821321707080598,2
5143,3.30649082317606,3
5144,-2.69280124922705,2
5145,-2.05814136474925,2
5146,1.47376577810174,2
5147,0.0455114176114472,2
5148,-3.08362423342735,1
5149,-0.482457124875391,2
5150,4.43464760146585,3
5151,-2.69260992383767,1
5152,-2.53880754578821,1
5153,-0.557080376687621,2
5154,-0.621258548098154,2
5155,5.56442852049462,3
5156,-0.855891535546151,2
5157,2.03629655316149,2
5158,-0.50766746962865,2
5159,-2.16855874886169,1
5160,-0.858549301944023,2
5161,3.43661409616529,3
5162,-0.402960952747705,2
5163,0.916152839032716,2
5164,4.28661616490927,3
5165,-2.26590126350276,1
5166,-0.231192409164056,2
5167,0.495236949037723,2
5168,2.86716411694151,3
5169,4.62738556155358,3
5170,-1.76332419991839,1
5171,0.0340745981039207,2
5172,-0.0547718066992241,2
5173,3.31887022009677,3
5174,-0.595755686765138,2
5175,-3.27797508515534,1
5176,0.955642402601893,2
5177,0.219787376146357,2
5178,0.57860260023131,2
5179,0.776495901541338,2
5180,-0.132753368038248,2
5181,-2.54542219094226,1
5182,-4.42711135295193,1
5183,-3.93853870360689,1
5184,-0.709676063028738,2
5185,-0.493178962831244,2
5186,3.65789617407608,3
5187,4.90294542100293,3
5188,-2.94508803016037,1
5189,-1.0102355300278,2
5190,3.13500550872763,3
5191,-2.71441041975744,1
5192,2.00517207805254,2
5193,4.37059370468417,3
5194,1.77800575317721,3
5195,-3.32274636182511,1
5196,-2.61840837730685,1
5197,4.34754847748523,3
5198,-0.405102186288378,2
5199,4.18213833235151,3
5200,-0.254293407504726,2
5201,-0.736329424522719,2
5202,3.70500827538849,3
5203,-2.55571294858845,1
5204,-1.58472365008086,1
5205,4.02198959023546,3
5206,3.02496040916291,3
5207,4.46257968582199,3
5208,-1.22481659233549,2
5209,0.750488542155902,2
5210,-1.7090601686817,2
5211,1.70839228572527,2
5212,-2.95876707800706,1
5213,-2.91697784236403,1
5214,-0.530415535058218,2
5215,-0.236219453668323,2
5216,-0.943263842642371,2
5217,3.72141687846237,3
5218,0.400881867040071,2
5219,1.80678937403827,2
5220,-2.4046488464872,2
5221,1.51788812497892,2
5222,3.83419875304063,3
5223,-0.744160153516132,2
5224,-0.368555639793573,2
5225,-0.522744336367696,2
5226,-4.6057180576203,1
5227,4.65031026779656,3
5228,-1.44256268479559,2
5229,-0.325129316662193,2
5230,0.49463129762884,2
5231,0.832936996059557,2
5232,-0.208088612873713,2
5233,-0.588776640838963,2
5234,-3.06578405186999,1
5235,-1.55344728906599,1
5236,3.65603300059667,3
5237,1.37841082692889,2
5238,-3.11630251715861,1
5239,-2.82941191815916,1
5240,0.770283963799983,2
5241,0.492346553150489,2
5242,1.53836358801599,2
5243,-0.58022373327872,2
5244,-2.17485027223172,1
5245,3.73434635241519,3
5246,-1.74544030678352,2
5247,3.68024271555439,3
5248,-0.23903748350282,2
5249,1.10613338969307,2
5250,-1.14956738950403,2
5251,5.49020579147593,3
5252,-1.40789548336394,2
5253,-2.95284556723847,1
5254,-2.33471199095229,1
5255,0.172284600439745,2
5256,2.59849023212988,2
5257,1.59411403885386,2
5258,3.00589209856666,3
5259,4.87708138748664,3
5260,-4.18528881058722,1
5261,0.606447474560152,2
5262,5.6635426569481,3
5263,4.83035587682413,3
5264,-3.16757803378388,1
5265,-0.79685342332708,2
5266,-1.9758604933428,1
5267,4.67720529838873,3
5268,4.37412847483618,3
5269,3.23118510562047,3
5270,-0.536955292638044,2
5271,-3.43389934982326,1
5272,-0.108733757596266,2
5273,1.87501507016515,2
5274,-2.9402500626154,1
5275,-0.371738277193412,2
5276,-0.0461542338124262,2
5277,0.418114905071665,2
5278,2.5769803367108,3
5279,-2.24893869739368,1
5280,4.56347673162232,3
5281,3.70236108192808,3
5282,-3.08584954576047,1
5283,-1.7571523211675,2
5284,-1.40542792339272,2
5285,1.15136467995391,2
5286,-3.12147636490807,1
5287,1.83661114423941,2
5288,0.351996769280441,2
5289,-0.158058937403218,2
5290,-0.447633825506989,2
5291,5.5494297385514,3
5292,1.40419031178976,2
5293,-0.580760636834414,2
5294,1.17023378386562,2
5295,0.689891731427373,2
5296,4.04486726548694,3
5297,3.34679306322786,3
5298,2.41596298707766,3
5299,0.126126493805749,2
5300,-0.264790810377806,1
5301,-0.329153039991464,2
5302,-1.97182595260458,1
5303,-2.02956006594939,2
5304,-0.0584290512452095,2
5305,-0.426199321602835,2
5306,-1.54502467571834,2
5307,0.861708157698352,2
5308,0.79153174818635,2
5309,0.075836973157585,2
5310,3.66969864609853,3
5311,-3.9474746141848,1
5312,-0.583640669137996,2
5313,0.444235984040234,2
5314,-1.46757637837416,1
5315,4.34363750513422,3
5316,-0.932327589303977,2
5317,-1.18582888580127,2
5318,-1.34652889551142,2
5319,-0.402961246699624,2
5320,-0.0206222292289781,2
5321,4.19332751608516,3
5322,5.10246269157661,3
5323,0.466534226807171,2
5324,-0.32273060276783,2
5325,4.37842194954467,3
5326,-1.27106502138202,2
5327,3.32878801976743,3
5328,0.375642260184807,2
5329,-3.03845679370934,1
5330,-1.97311049815324,2
5331,-2.23869010460609,1
5332,-1.86060370829058,1
5333,2.26201023188551,3
5334,-2.52719957688891,1
5335,0.659703276387863,2
5336,-1.23189169431553,2
5337,-0.201208146412902,2
5338,-2.01363414010454,1
5339,-0.333540775490231,2
5340,1.83879660034406,2
5341,4.04017185196479,3
5342,-0.757545673204134,2
5343,-2.86090214283823,1
5344,-0.612318766406044,2
5345,1.10563140078162,2
5346,5.66668924645811,3
5347,-0.38322360709269,2
5348,-1.4002913530797,2
5349,-0.781932342398934,2
5350,-0.182194333185985,2
5351,-4.28000893888965,1
5352,0.702752335304327,2
5353,2.31193251582185,3
5354,0.0962712490458892,2
5355,2.4653052887864,3
5356,3.40176630932478,3
5357,3.87973234686321,3
5358,-2.08100339093923,1
5359,-4.51532414406497,1
5360,0.412912128628035,2
5361,-0.410088785933338,2
5362,0.490956025670218,2
5363,0.687815078920929,2
5364,-2.23149256811822,1
5365,-2.60998027115715,1
5366,-0.583311910599749,2
5367,1.44958453509574,2
5368,1.71463421134154,3
5369,4.81269471385325,3
5370,-0.717903102159638,2
5371,-0.346913360454757,2
5372,-1.04362586510721,2
5373,-2.29583271607028,1
5374,0.425633379045308,2
5375,-1.04858148838335,2
5376,-1.71944851395274,2
5377,0.372917673711702,2
5378,4.91947436243336,3
5379,1.51375863443316,2
5380,3.92728041196471,3
5381,-2.81057376248519,1
5382,-3.74091861477492,1
5383,-1.31586542685489,2
5384,2.13594776003791,3
5385,4.09816161611806,3
5386,-3.28148211503897,1
5387,-3.92151604286958,1
5388,-0.989382575570002,2
5389,0.972019277591751,2
5390,1.40356857776285,2
5391,-0.384444162472612,2
5392,2.402747978639,3
5393,0.362650090922231,2
5394,0.625750200559898,2
5395,5.72797178396387,3
5396,-0.148875337173038,2
5397,-5.05324722154052,1
5398,0.106715468591871,2
5399,0.21692478937968,2
5400,2.40590578601973,3
5401,-2.35020813284648,1
5402,3.92191273812346,3
5403,2.87629698675123,3
5404,1.06096624028704,2
5405,3.38473312542641,3
5406,-1.31288137012789,2
5407,-4.06800486773328,1
5408,-0.832739370686009,2
5409,-4.05890092148845,1
5410,3.08373953891157,2
5411,2.43813566392283,3
5412,0.835205346303624,2
5413,3.89366535230467,3
5414,-3.63474826490891,1
5415,-3.09414783836963,1
5416,2.380413636511,2
5417,-1.76332495358343,1
5418,-3.22397115142026,1
5419,-2.79633603488385,1
5420,-4.45897072853692,1
5421,0.301600444867741,2
5422,-3.84906113501671,1
5423,-2.4907938863462,1
5424,-4.50775731753668,1
5425,-3.43166110038193,1
5426,0.757261697422699,2
5427,-1.88861959297531,1
5428,0.404575344064249,2
5429,-0.11273842983908,2
5430,1.3619218406644,2
5431,2.3728384785312,2
5432,2.30762722939117,3
5433,-3.58708561577886,1
5434,1.01855144503343,2
5435,2.83636815482118,3
5436,-3.04313484257759,2
5437,-3.80875514496219,1
5438,1.46235284119442,2
5439,3.31855263073572,3
5440,4.48228858583148,3
5441,5.01289298630273,3
5442,0.694424949975105,2
5443,-0.351299467301722,2
5444,-0.167773976084492,1
5445,-1.40961092548223,2
5446,0.320066756976218,2
5447,-2.20261949945016,1
5448,1.06648977745833,2
5449,-1.89743480056392,1
5450,-1.09945170416749,2
5451,-2.66939777370559,1
5452,0.317911345135435,2
5453,0.463215859683372,2
5454,-3.37243875610383,1
5455,3.42638516197633,3
5456,-0.586900242207328,2
5457,-0.802371216259798,2
5458,0.998704583836859,2
5459,-3.28902327046257,1
5460,-3.02884155292831,1
5461,-3.56515751404234,1
5462,5.91376317655418,3
5463,0.537493298921216,2
5464,0.637811527522779,2
5465,2.08738335362811,3
5466,-0.0639213043292653,2
5467,4.96354190269393,3
5468,0.144956274656509,2
5469,-5.05222282043373,1
5470,1.37399835400225,2
5471,1.39873137380513,3
5472,0.790937635334595,2
5473,-0.180305124601422,2
5474,4.20378727618702,3
5475,-0.539683716567268,2
5476,-0.952351111335292,2
5477,-0.297479614412297,2
5478,1.01497226020659,2
5479,-1.6356334016827,2
5480,-3.90793469924185,1
5481,-0.616188357010355,2
5482,-2.83467897875795,1
5483,-0.336662904733371,2
5484,3.77231300496417,3
5485,0.596977086486986,2
5486,6.10886887502703,3
5487,3.4691194689111,3
5488,0.76451131462061,2
5489,3.92031500783164,3
5490,6.5353470759734,3
5491,-1.83034456348918,1
5492,-0.65686621713525,2
5493,0.697800221520555,2
5494,-4.27549670675253,1
5495,1.15598167474767,2
5496,4.167895893067,3
5497,-1.40151245167526,1
5498,3.08204292566522,3
5499,3.92025849032766,3
5500,5.74707400868082,3
5501,-1.27914094552602,2
5502,0.692097306933716,2
5503,6.05214798922842,3
5504,-3.26083224383392,1
5505,-3.45181293625722,1
5506,4.46712798358287,3
5507,1.15080463938605,2
5508,-2.89350222779893,1
5509,0.190549121736647,2
5510,-0.339407704479161,2
5511,-3.05180408200039,1
5512,3.76304103371171,3
5513,3.87189122385907,3
5514,5.30189560692404,3
5515,0.364411956681045,2
5516,6.73122759641428,3
5517,0.333336200779982,2
5518,0.696628740831187,2
5519,0.772732980235113,2
5520,0.842913529277499,2
5521,-4.9617075988853,1
5522,4.4708564917442,3
5523,-4.94295641358195,1
5524,0.0735477699279826,2
5525,0.6507739654104,2
5526,0.257545945939747,2
5527,-4.16618470736774,1
5528,0.237583034706238,2
5529,4.48436709312931,3
5530,-0.674460111123346,2
5531,-0.73079070516968,2
5532,-2.67959768568339,1
5533,3.27178275094146,2
5534,1.04509363912809,2
5535,2.47395937371929,3
5536,-3.7776214428705,1
5537,6.46498118464281,3
5538,3.7658163670093,3
5539,-0.290661224565377,2
5540,5.45921637660912,3
5541,1.07467642177463,2
5542,-2.97243884830332,1
5543,-0.52794019949943,2
5544,1.61588635938788,2
5545,-0.138951121805986,2
5546,0.237540119595662,2
5547,0.14755742455189,2
5548,1.41265589165171,2
5549,-2.45149100964402,2
5550,-1.48350939830804,1
5551,3.59571753882599,3
5552,-2.22003488166368,1
5553,0.259566728752779,2
5554,-1.51647903560073,2
5555,0.763474905445859,2
5556,-0.912534514450111,2
5557,-1.25714158968218,2
5558,0.356334107598921,2
5559,3.7308858449915,3
5560,-4.06782370598684,1
5561,-3.00684630317267,1
5562,3.85535642008662,3
5563,4.40189091938989,3
5564,-3.11239196133741,1
5565,0.983500789726301,2
5566,1.27519729484828,2
5567,3.56427878313497,3
5568,-0.715883519738399,1
5569,-0.069700988018414,2
5570,-1.40164554337845,2
5571,3.21280170323937,3
5572,3.79693024308787,3
5573,-0.994434982580189,2
5574,0.56842903856661,2
5575,2.57794265437777,2
5576,2.40253468125235,3
5577,-0.740508206117234,2
5578,3.7879804129471,3
5579,-0.624068861570706,2
5580,5.00429078162739,3
5581,-3.69842066759439,1
5582,-4.75106751939608,1
5583,0.71376966574941,2
5584,4.46317201078284,3
5585,-0.228621036089534,2
5586,-1.60142605000689,2
5587,1.4088788887988,3
5588,5.35888034274285,3
5589,-0.236110187036619,2
5590,-3.05991820134819,1
5591,4.58365218466398,3
5592,-0.41621940371551,2
5593,-3.08856511213888,1
5594,0.664288591501356,2
5595,1.41077825366179,2
5596,5.46552871508473,3
5597,-0.630105782923093,2
5598,4.25169054480086,3
5599,1.48822116820748,2
5600,-4.83492004662686,1
5601,1.21824475185159,2
5602,0.930524994346824,2
5603,-3.96217827024224,1
5604,1.63686401169385,2
5605,0.0699438598690893,2
5606,-3.09805290200649,1
5607,-2.87368414154111,1
5608,0.395353330683666,2
5609,3.40280155503126,3
5610,-0.9617940267648,2
5611,2.4154289897531,3
5612,1.89833835012282,3
5613,4.99572628701801,3
5614,-0.651135024934329,2
5615,-0.231929337704031,2
5616,-2.89281118343292,1
5617,-3.35893656058468,1
5618,-1.67409165740075,1
5619,-1.90475561815153,1
5620,0.690309080939519,2
5621,-0.133879522065291,2
5622,1.12176857432144,2
5623,0.916191212458402,2
5624,-2.66414931117496,1
5625,-3.98237063593785,1
5626,0.417240223978003,2
5627,3.58657815678636,3
5628,4.2091668025317,3
5629,3.90181987689125,3
5630,6.12011465604253,3
5631,3.56263695105869,3
5632,-0.810864474610165,2
5633,3.8660592449461,3
5634,-4.25333593531244,1
5635,-2.72037213756824,1
5636,3.24645051051973,3
5637,-2.78552062471493,1
5638,3.76016222313216,3
5639,-4.93850470145338,1
5640,5.84468259173422,3
5641,0.561680015246336,2
5642,-0.239429939410603,2
5643,1.44656213577428,2
5644,-0.266390602550299,2
5645,-1.57886169108309,2
5646,0.340894898598314,2
5647,-1.13885696475289,2
5648,-3.48498759656232,1
5649,-3.41367651359212,1
5650,-0.268400025520266,2
5651,7.84776770582989,3
5652,1.03908851261442,2
5653,-1.46156980110321,1
5654,4.09827193093274,3
5655,4.01203917447528,3
5656,-3.45391373338119,1
5657,-0.353092740361297,2
5658,-1.19170888523403,2
5659,-0.444960875475881,2
5660,-0.859014614409201,2
5661,0.127064314826948,2
5662,0.955478821523788,2
5663,6.0272307601764,3
5664,-4.08030684721822,1
5665,-1.57147258552999,2
5666,3.98939175909424,3
5667,-1.14736472262916,2
5668,-1.10069412034449,2
5669,3.53499043690186,3
5670,-2.88614912498486,2
5671,3.53764660000644,3
5672,4.47001888705693,3
5673,-2.04499496770188,2
5674,-0.528747614634865,2
5675,0.08609396739403,2
5676,-0.0837793318336734,2
5677,-2.7959690201701,1
5678,3.38141077376651,3
5679,-0.518481877194195,2
5680,-0.897925784148349,2
5681,-0.276737825839425,2
5682,3.5205316787539,3
5683,1.99684413590855,3
5684,-2.66679502494222,1
5685,-1.05139227913831,2
5686,-2.11325096290394,1
5687,0.749164757240454,2
5688,3.67820203101357,3
5689,-3.74792997091631,1
5690,5.7335678294406,3
5691,4.9840262811484,3
5692,0.626183108316495,2
5693,-1.47712041031981,2
5694,-3.37517075306087,1
5695,-0.0444055732894623,2
5696,-1.5625565841361,2
5697,-2.12633132039397,1
5698,-3.0332192123311,1
5699,1.13402054312043,2
5700,4.76716944417351,3
5701,0.09779160179052,2
5702,-1.95678478418978,2
5703,1.37208530087141,2
5704,-1.67846782105134,2
5705,-0.602547519950237,1
5706,1.09476867868607,2
5707,-0.63973303753229,2
5708,4.97280698896353,3
5709,1.6269914642286,2
5710,-1.94601344555199,2
5711,-3.64356738702711,1
5712,3.98666148570449,3
5713,-2.64717359358225,1
5714,4.57510841994576,3
5715,0.650993279569504,2
5716,0.993538815372368,2
5717,4.84645211729567,3
5718,1.11674868817054,2
5719,2.39930825768845,3
5720,-2.23191869530774,1
5721,-5.05233698390195,1
5722,-3.15689195303907,1
5723,-0.220833309799399,2
5724,4.817466919571,3
5725,0.6216371749907,2
5726,4.91022811338133,3
5727,0.242249032302166,2
5728,3.67569740774739,3
5729,1.43596770416362,2
5730,0.257003679755467,2
5731,2.55052499293467,3
5732,0.594702688120578,2
5733,0.0848661205199916,2
5734,-4.11254531995509,1
5735,-0.773066829488245,2
5736,-3.86551286265337,1
5737,-3.66260727570081,1
5738,4.50615126767847,3
5739,-4.05107322618156,1
5740,-0.341476452668467,2
5741,-4.02040059068393,1
5742,0.842630663866924,2
5743,-3.04710783627643,1
5744,2.93927451868743,3
5745,0.744498787583579,2
5746,5.07311191410745,3
5747,0.701952747275459,2
5748,0.50937884189092,2
5749,0.41958246226038,2
5750,4.65049442454127,3
5751,0.917015357279716,2
5752,0.152151396071861,2
5753,0.593130101339695,2
5754,-1.55745823944199,2
5755,0.0249343251746742,2
5756,1.09077665503263,2
5757,-2.16221295550548,1
5758,-2.86370480078984,1
5759,3.82169245417058,3
5760,-0.298892255828553,2
5761,-3.91459707282762,1
5762,-3.84917460363348,1
5763,3.1627054809311,3
5764,-2.80799962886107,1
5765,2.15373357487731,2
5766,-1.07861899600018,2
5767,-3.24488377909252,1
5768,3.93184895715111,3
5769,0.938766216362923,2
5770,4.52767963418625,3
5771,-2.19937764349023,1
5772,-0.794856573566363,2
5773,-1.20077712678264,2
5774,-1.279630280305,2
5775,5.44663710311653,3
5776,-0.344484706333552,2
5777,-0.5942962699999,2
5778,2.64454243094889,3
5779,5.49510684536082,3
5780,-1.98275075091539,1
5781,0.14488526106311,2
5782,-3.07617067154718,1
5783,-0.45538382362054,2
5784,0.184764335937664,2
5785,5.0248092804366,3
5786,0.590740011639347,2
5787,3.88868994112862,3
5788,-2.21640459216643,1
5789,-0.284012580696411,2
5790,-0.178463862456432,2
5791,1.92120815461321,2
5792,-0.14686955337995,2
5793,0.385138526730681,2
5794,-0.593989980081054,2
5795,-0.461615131638163,2
5796,-1.79458430934769,2
5797,3.33467881131483,3
5798,-0.989612002140714,2
5799,-3.75939811729888,1
5800,0.329259493151393,2
5801,-4.26068287881878,1
5802,0.602459332748625,2
5803,-3.34702782280709,1
5804,-3.3125438689971,1
5805,0.852585748520976,2
5806,-4.35090268603071,1
5807,1.51321051827006,2
5808,0.124836065396146,2
5809,0.422848197763899,2
5810,-0.00852286427622694,2
5811,3.29049933316939,3
5812,3.739559716108,3
5813,-3.27324810681193,1
5814,-2.9458020428904,1
5815,2.91070202804525,3
5816,1.0952089417745,2
5817,0.363893209127911,2
5818,-2.90950335286078,1
5819,-4.11989972139762,1
5820,-2.95111110932071,1
5821,1.07410152344092,2
5822,4.30781718876013,3
5823,4.03264230025211,3
5824,2.87075909521432,3
5825,3.79558849034658,3
5826,-1.17717025020021,2
5827,-3.19717589434855,1
5828,-0.479177912848236,2
5829,0.0696712063141521,2
5830,-2.11192629908794,1
5831,0.287902029979113,2
5832,-0.658878760701194,2
5833,-0.0576426334267686,2
5834,-0.0526610312211097,2
5835,-2.87868162250922,1
5836,0.196325342741564,2
5837,5.23276415861198,3
5838,0.338147371372873,2
5839,0.774894794932878,2
5840,-2.94526347494257,1
5841,-4.10375213599883,1
5842,1.34854185723644,2
5843,0.371556455073257,2
5844,3.22939559553924,3
5845,-0.758114724994385,2
5846,3.005759035419,3
5847,-0.658019293864503,2
5848,-0.167913783865368,2
5849,4.13046595661558,3
5850,-0.0152770016331879,2
5851,-3.55851419019136,1
5852,-0.537230026443616,2
5853,-0.726485406832744,2
5854,0.850860623631441,2
5855,4.97899893179748,3
5856,-3.90421502562064,1
5857,-0.445919957955063,2
5858,-1.21675338327355,2
5859,4.08619441961295,3
5860,-4.78616962823527,1
5861,-4.13689311169114,1
5862,-0.526720687742884,2
5863,-1.02610058234102,2
5864,-0.798634290243535,2
5865,0.144417271262889,2
5866,2.43342752243149,3
5867,3.48333387317579,3
5868,5.73765802746496,3
5869,4.65402228679151,3
5870,-1.2733628036548,2
5871,-2.41244053650169,1
5872,4.70082536037976,3
5873,4.26396252276377,3
5874,0.352160890026349,2
5875,0.270059578028115,2
5876,5.04355571570756,3
5877,-4.11641641193354,1
5878,4.67362771162092,3
5879,1.0895061399478,2
5880,1.62446909297786,2
5881,-3.47279140772793,1
5882,0.444844019071968,2
5883,-2.90067240591217,1
5884,0.466728667413922,2
5885,4.49958969340677,3
5886,0.161106626019968,2
5887,3.81388806404584,3
5888,-3.33888366953739,1
5889,-2.86625536512236,1
5890,5.69196254471833,3
5891,0.615152238314757,2
5892,-4.88632515873255,1
5893,-2.25880528048024,1
5894,-1.35821552912457,1
5895,0.739473320762706,2
5896,-4.24085358580078,1
5897,-0.157429480539448,2
5898,-2.34009736185739,1
5899,-2.66663002984482,1
5900,2.74778828001192,3
5901,-0.541939508134726,1
5902,-0.282152279625528,2
5903,-1.00472117009238,2
5904,-0.873948146236305,1
5905,4.22674232813408,3
5906,-1.19293202004669,2
5907,-3.10903750916923,1
5908,-0.287694905922889,2
5909,-0.826223863869995,2
5910,0.860947143393617,2
5911,-0.122534387113049,2
5912,-2.4648620395038,1
5913,1.93382128195771,2
5914,0.0886811291310934,2
5915,2.79614749164403,3
5916,3.69993846446001,3
5917,0.625164879333557,2
5918,3.03958165544775,3
5919,0.777727573620663,2
5920,0.806090490556974,2
5921,-3.12270866097738,1
5922,0.30496337447464,2
5923,3.90538380545798,3
5924,-3.22048656181875,1
5925,-2.79440249551661,1
5926,1.04786224591943,2
5927,1.86991842288677,2
5928,-3.68800861646736,1
5929,-0.193405134857153,2
5930,4.37810977182053,3
5931,4.21452756465338,3
5932,0.944323571486978,2
5933,3.44553569613995,3
5934,2.8848728641085,3
5935,0.89037962557919,2
5936,-1.12213597894781,1
5937,1.40120355190492,2
5938,-1.10533356064609,2
5939,-2.34020810045067,1
5940,-2.62303783585893,1
5941,2.50743492467978,3
5942,3.64683874586726,3
5943,-0.475412846638052,2
5944,2.81250086717776,3
5945,0.134384603027272,2
5946,-1.76213695861846,2
5947,-3.08671413498192,1
5948,1.84390932942692,2
5949,6.87665790201919,3
5950,-1.97974698783557,1
5951,-1.63093793266642,1
5952,0.273038419162952,2
5953,1.00771668611063,2
5954,0.81115221155127,2
5955,-3.11522170942195,1
5956,-4.15616739425985,1
5957,-0.315671972568024,2
5958,0.31205830314547,2
5959,-0.455655564121926,2
5960,-3.30784017318879,1
5961,-3.1502093741677,1
5962,-1.3113128640567,2
5963,-0.517072254128232,2
5964,-1.32420349383643,2
5965,4.31297158892138,3
5966,0.246856797447293,2
5967,0.427858022106523,2
5968,-0.84666438748252,2
5969,3.52181644373744,3
5970,3.63321366308055,3
5971,-2.81651448305794,1
5972,2.63877761680595,3
5973,0.239507240812717,2
5974,-0.619871253094749,2
5975,-0.234593704396421,2
5976,-0.869470504201633,2
5977,2.9837100306681,3
5978,5.74907440578319,3
5979,-0.73615741607846,2
5980,4.99246484728988,3
5981,0.466880857399669,2
5982,0.333196336107161,2
5983,0.144072596665995,2
5984,3.5883206960726,3
5985,-0.327474597347236,2
5986,-2.10742894036293,1
5987,3.1587844441263,3
5988,5.31201547479091,3
5989,-1.98354478229784,1
5990,0.666470562339114,2
5991,2.97521604455102,3
5992,-1.06360051761289,2
5993,-1.1929685182981,2
5994,-2.23650826580299,2
5995,-1.51590013106286,2
5996,0.684047217263731,2
5997,6.25569027549587,3
5998,1.65474084400222,2
5999,-0.389052596533895,2
6000,-2.33035863632177,2
6001,-4.88167865415457,1
6002,-1.30009160756557,2
6003,1.20619647520582,2
6004,0.130018231301872,2
6005,3.49347265589967,3
6006,0.227793843711254,2
6007,-4.18843403514798,1
6008,3.56624047131505,3
6009,-0.783850951122933,2
6010,-2.48852743080384,2
6011,-2.853291515855,1
6012,-3.57090388633032,1
6013,1.71648527264982,2
6014,0.0914724162507986,2
6015,1.01526613067697,2
6016,2.9715850332843,2
6017,3.96332184239661,3
6018,-2.31817030959659,1
6019,-0.245641935333867,2
6020,0.123512925286392,2
6021,-2.17420916833483,1
6022,-0.219515587913003,2
6023,-0.666705010074985,2
6024,0.106958230099857,2
6025,0.920851504045787,2
6026,-2.31263588671848,1
6027,5.13979987109752,3
6028,0.050323030248645,2
6029,-0.250936878426421,2
6030,0.259344892403064,2
6031,-2.0643963162204,1
6032,-3.20857016241565,1
6033,4.81905863440206,3
6034,0.898379755642647,2
6035,4.1587969325639,3
6036,5.17528663247794,3
6037,-0.35960728144336,2
6038,-0.593663191496199,2
6039,-2.15215723110652,1
6040,0.117420548335933,2
6041,4.20813177352353,3
6042,-2.48149623411175,1
6043,-0.45536672234928,2
6044,4.67975826734929,3
6045,0.769852741781516,2
6046,-2.92773868091109,1
6047,0.250617833293516,2
6048,-3.71041712220756,1
6049,1.26903037115332,2
6050,-0.31736028416263,2
6051,-1.70684576361273,2
6052,-0.429237403893111,2
6053,-2.63125794198881,1
6054,5.43410888088952,3
6055,3.6130981942101,3
6056,4.05865447742303,3
6057,-1.26924504211123,2
6058,1.14515302024812,2
6059,1.71463081572181,2
6060,-0.648600599019152,2
6061,-0.132874384428308,2
6062,-0.33780518841252,2
6063,0.471382117682474,2
6064,-1.20561425006548,2
6065,-3.80569808161125,1
6066,-3.53555358229374,1
6067,0.718399655443105,2
6068,0.92610990072109,2
6069,-0.248033265601507,2
6070,3.93333539383352,3
6071,2.75259238866487,3
6072,-0.726527087005276,1
6073,4.82709889591908,3
6074,4.882787586876,3
6075,-1.57070706216679,2
6076,-2.36204363258912,1
6077,-1.24824285024455,1
6078,4.17565237802922,3
6079,4.28744875885065,3
6080,-2.92012618132595,1
6081,4.59747262008828,3
6082,-2.53503200921415,1
6083,-3.22496127104412,1
6084,-1.31556429190589,1
6085,0.714400058203048,2
6086,4.24418250060432,3
6087,3.70923192397725,3
6088,3.60311729173676,3
6089,-1.39706392020774,2
6090,3.2631796669538,3
6091,0.167552997982991,2
6092,-0.415431332879818,2
6093,4.91379395426998,3
6094,-3.21911137680205,1
6095,-2.96147640092465,1
6096,5.17018752212763,3
6097,-1.88453744656352,1
6098,-3.02100753543371,1
6099,3.45192911703823,3
6100,-0.286229169578084,2
6101,-0.0532176840575105,2
6102,3.12563857201504,3
6103,4.91003105007143,3
6104,-0.144058142629655,2
6105,-0.67485593104277,2
6106,-1.71383683975675,2
6107,-2.17849321955138,1
6108,-0.0244273788868501,2
6109,3.32762815227072,3
6110,-4.32775547560413,1
6111,-0.980278646483449,2
6112,-3.24364488363944,1
6113,-0.0793336611752511,2
6114,-2.36924588434943,1
6115,-0.270900317647183,2
6116,-0.0680292317480523,2
6117,-0.302888049153909,2
6118,2.49824013303519,3
6119,-1.63055613264585,2
6120,-0.928258487113997,1
6121,0.746511110155203,2
6122,1.32946118013757,2
6123,0.127383608306443,2
6124,3.12995872567037,3
6125,2.83042961923473,3
6126,-1.12539685767474,2
6127,-2.49151520839495,1
6128,4.32171165220735,3
6129,-3.19177480910994,1
6130,-3.63055241686432,1
6131,-1.62142986304076,1
6132,-1.87410461064231,2
6133,-0.928706832667332,2
6134,-1.27736005340688,2
6135,3.88642328345372,3
6136,4.5433338182218,3
6137,-1.6587787733223,2
6138,-0.875533900687168,2
6139,0.390576088768169,2
6140,3.02613577283748,3
6141,5.12724267380332,3
6142,3.86711664472944,3
6143,-4.1392006399734,1
6144,-0.668272601529073,2
6145,-0.579015605930199,2
6146,-0.510980985089714,2
6147,-0.671879471327624,2
6148,-2.67517468665125,1
6149,-0.683645666438561,2
6150,-2.71006627110424,1
6151,-0.202126635484378,2
6152,-2.88185548895332,1
6153,-2.29241164616441,1
6154,0.352993616845014,2
6155,3.97568871540888,3
6156,1.01128638626024,2
6157,4.23607984381536,3
6158,-2.51401756602554,1
6159,-1.89007971028636,1
6160,-0.583063862376813,2
6161,4.0087367154716,3
6162,5.11498948343497,3
6163,4.04712202302372,3
6164,-3.13217513285673,1
6165,-0.263307562979625,2
6166,-0.365650302204967,2
6167,0.317331844798329,2
6168,5.43914342866758,3
6169,1.54720521421964,2
6170,-1.55194489509854,2
6171,-0.323811722111334,2
6172,2.72908581334063,3
6173,-0.265335756960754,2
6174,1.67740605287812,2
6175,3.96452279087834,3
6176,-0.188922789114515,2
6177,2.468609131635,3
6178,4.15864103363353,3
6179,5.26902608418495,3
6180,4.05030788883831,3
6181,-0.047332659920564,2
6182,0.269165410758008,2
6183,-0.12193214611296,2
6184,-3.87478137719369,1
6185,0.939339897411908,2
6186,-1.16124993960642,2
6187,-1.85473688961964,1
6188,0.0136256983844964,2
6189,4.87194883624107,3
6190,-5.01421049792072,1
6191,-1.5591296977614,1
6192,1.31664471072918,2
6193,1.1292645954138,2
6194,3.53652076034725,3
6195,-1.73681482391051,1
6196,-1.85658185826634,2
6197,4.07058831366333,3
6198,4.09219265900689,3
6199,-0.491443047401821,2
6200,4.37684399782372,3
6201,-0.446153975855575,2
6202,0.596590680865512,2
6203,0.911637479950543,2
6204,0.508792207400114,2
6205,-1.85961317487153,1
6206,-0.479974314822132,2
6207,-0.281529782162656,2
6208,2.38889048928221,3
6209,5.71596712618677,3
6210,-0.148290173533129,2
6211,0.46620878824698,2
6212,5.2177148424057,3
6213,1.63106073240292,2
6214,-2.15356371442031,1
6215,-3.70920076258239,1
6216,2.80252058613839,3
6217,0.243096329527575,2
6218,-3.78173971153208,1
6219,-0.899891059474328,1
6220,-0.585210155969012,2
6221,1.48023793951334,2
6222,4.87812246298377,3
6223,-0.260038290356082,2
6224,-0.0832283687795578,2
6225,1.20833433161434,2
6226,0.394815020131042,2
6227,4.22344327705041,3
6228,1.19726096557234,2
6229,-0.303958307149332,2
6230,0.610203857819049,2
6231,0.264917112495371,2
6232,5.08896230867381,3
6233,6.64645121200562,3
6234,-0.887213958856379,2
6235,1.01455115132308,2
6236,0.494910618258433,2
6237,5.10669459920306,3
6238,4.7559676957263,3
6239,5.15802353891421,3
6240,-0.120859637284792,2
6241,-0.565728393717844,2
6242,2.94586602015446,3
6243,-3.38663645447557,1
6244,4.61705007215702,3
6245,-1.17146954186464,1
6246,4.47546671098993,3
6247,4.38590133606222,3
6248,4.2113791469457,3
6249,-0.583792626851671,1
6250,0.32699671904924,2
6251,-4.13345995977033,1
6252,0.199045427726552,2
6253,-2.36574974629309,1
6254,-0.20300577965444,2
6255,3.59667793102045,3
6256,0.184044474066329,1
6257,5.36182595284359,3
6258,-0.135307406049395,2
6259,3.15694286872671,3
6260,1.21728073293652,2
6261,-1.91483111557375,1
6262,-3.29515780088358,1
6263,2.89345735482678,3
6264,2.55571489040266,3
6265,4.6528807968424,3
6266,-4.08611824061135,1
6267,-3.74667894104626,1
6268,4.16452485687835,3
6269,4.44406691974899,3
6270,3.31742364951136,3
6271,-1.63064831199697,1
6272,3.31455393530233,3
6273,2.56105393576591,3
6274,-0.482590012721979,2
6275,4.14098363985602,3
6276,1.15565715134385,2
6277,-2.74360324646434,1
6278,-0.914014481393565,2
6279,-3.4914053002094,1
6280,2.77324843545198,3
6281,1.16976360508389,2
6282,0.052389382452092,2
6283,1.26146847671117,2
6284,3.54222942243741,3
6285,-1.68800401031677,2
6286,0.359780354270464,2
6287,1.76159185432767,2
6288,4.49153713716737,3
6289,-0.64915536254515,2
6290,-1.95337115288845,1
6291,4.69091998568846,3
6292,-1.6176529989762,2
6293,0.947850371730136,2
6294,-1.51759728154139,1
6295,0.200261948609106,2
6296,0.626834196680769,2
6297,0.0146697562119895,2
6298,-1.41205936785437,2
6299,0.941962064122669,2
6300,-0.331000594076846,2
6301,0.457145819141247,2
6302,-0.0120532862537221,2
6303,4.47913362114811,3
6304,0.837010190946412,2
6305,-1.22876619131156,2
6306,2.92778140674013,3
6307,0.554774652987968,2
6308,1.61284463522789,2
6309,-0.0328780548058861,2
6310,2.20505144512363,2
6311,4.60154096838512,3
6312,4.9068453807627,3
6313,2.82119329777547,3
6314,-2.91048677223725,1
6315,5.77720760311675,3
6316,-0.903302610637793,2
6317,0.21792690991231,2
6318,-1.98746280622608,1
6319,0.725598607819829,2
6320,-0.997570805415241,2
6321,-1.19053321330863,2
6322,0.85603071068309,2
6323,0.0333768426273916,2
6324,-1.8892885817972,1
6325,0.692200142934223,2
6326,0.227313544381063,2
6327,2.34518327378726,3
6328,0.103023621831118,2
6329,-1.03594269374147,2
6330,-0.233386020255715,2
6331,3.65274283781275,3
6332,0.541435465702584,2
6333,1.95111699049286,2
6334,1.15617986844195,2
6335,-0.405455694608118,2
6336,-0.99331930916811,1
6337,-0.558492355752965,2
6338,-2.25909998872573,1
6339,0.146811992724805,2
6340,-4.94365090132398,1
6341,-3.44374931186652,1
6342,-1.80292233625392,1
6343,0.354918895732423,2
6344,-0.666247379760654,2
6345,0.716653796030982,2
6346,0.0315245529374235,2
6347,-0.539746145027583,2
6348,-3.10567133400377,1
6349,3.98910447029483,3
6350,-3.19415240932046,1
6351,6.39224302467071,3
6352,3.63491914382865,3
6353,4.73904063910967,3
6354,0.315899380117686,2
6355,3.7235153901104,3
6356,4.85968673958451,3
6357,-3.57534696260839,1
6358,0.49782615238744,2
6359,1.26749748403291,2
6360,-3.26219748940247,1
6361,0.435595444256836,2
6362,0.377517395774564,2
6363,-3.34391723412846,1
6364,-0.150392803617815,2
6365,-4.84847277533767,1
6366,-2.30651623747887,1
6367,1.5977549993969,3
6368,4.85695788807293,3
6369,1.09093512802861,2
6370,3.65339158460338,3
6371,-2.82441165148266,1
6372,-2.72676429693318,1
6373,3.80895703355319,3
6374,0.810778900487395,2
6375,-0.596546431488492,2
6376,-3.16427083209716,1
6377,0.833227985417677,2
6378,3.93544891198786,3
6379,-2.21232327464077,1
6380,0.0622881857961604,2
6381,-2.24594621481548,1
6382,-0.162234665329609,2
6383,-2.26331446874958,1
6384,-3.32132484216839,1
6385,0.52632360170575,2
6386,0.671004187901993,2
6387,0.647275142770483,2
6388,0.474900095404527,2
6389,4.69695766608415,3
6390,-3.65194990169546,1
6391,3.08750087168399,3
6392,-0.187191431582002,2
6393,0.620484014298819,2
6394,4.34980959236678,3
6395,5.14208999394909,3
6396,4.54588187379878,3
6397,4.93277890636896,3
6398,-0.060785904550875,2
6399,1.1050875580454,2
6400,4.01162970156425,3
6401,-0.862489179774381,2
6402,-3.46048556597671,1
6403,5.78030900479632,3
6404,-0.518783170964857,2
6405,0.490276565726803,2
6406,3.30089829720222,3
6407,4.09302745840413,3
6408,3.32008295030318,3
6409,-2.95194691594697,1
6410,-3.45836533271111,1
6411,0.290962076036892,2
6412,-2.03889297449334,2
6413,-2.63764784236446,1
6414,4.53271436563676,3
6415,0.851246099895573,2
6416,-2.38014992543131,1
6417,-0.435330216064654,2
6418,-1.2351754910404,2
6419,-3.2038564713925,1
6420,4.20233221711335,3
6421,2.34488762736789,3
6422,-3.13337038872289,1
6423,0.0635472785679089,2
6424,1.15962044556114,2
6425,-3.04502772480892,1
6426,5.24679435387727,3
6427,2.03642781095225,3
6428,1.32097499885475,2
6429,2.06403906526162,3
6430,3.6162990526909,3
6431,6.62951179316163,3
6432,2.039801912844,3
6433,1.68793300204711,2
6434,-1.17171869923338,2
6435,3.8123543602209,3
6436,-0.318163330993801,2
6437,-1.36473363304489,2
6438,-3.4116978689875,1
6439,1.1686553865313,2
6440,-2.76888506558184,1
6441,0.731773364128733,2
6442,-1.45280516329579,2
6443,-1.88372714175998,1
6444,-2.78405843125603,1
6445,-1.10719940407301,2
6446,-1.1386981820339,2
6447,-3.31228069443452,1
6448,1.29187572312354,2
6449,-5.17412464922931,1
6450,-2.70744131505382,1
6451,-0.512002122778539,1
6452,-0.588157877094182,2
6453,-2.56971530364001,1
6454,6.86932753114914,3
6455,-3.01009767195246,1
6456,1.02206117151421,2
6457,5.28805666267176,3
6458,-0.22355073914797,2
6459,3.10711692766754,3
6460,-0.824595488543724,2
6461,-3.51798243016782,1
6462,-3.13738452799538,2
6463,2.30863463622963,2
6464,0.647860636697636,2
6465,-0.307073609966018,2
6466,-2.99423581410011,1
6467,3.50634665689811,3
6468,1.30773559703966,3
6469,1.18231429883526,2
6470,-3.17111265226486,1
6471,-3.74940844446318,1
6472,-0.461803035391538,2
6473,2.46243633605593,3
6474,1.28052092659645,2
6475,4.46140442312658,3
6476,0.997858726258268,2
6477,-0.890281200482892,2
6478,-0.00299321217346231,2
6479,-0.217766243830373,2
6480,-4.05062867965275,1
6481,3.17670615641826,3
6482,4.59860013330407,3
6483,5.071473268653,3
6484,4.10345008328057,3
6485,-3.81717496556811,1
6486,-2.71357558037118,1
6487,3.73478777744502,3
6488,4.04392912383516,3
6489,1.11766911663723,2
6490,-3.09372323376087,1
6491,-0.106397594203637,2
6492,-0.759333968608841,2
6493,-0.0686946976916937,2
6494,-2.68677122800567,1
6495,0.793932838572023,2
6496,-1.00278661525203,1
6497,-2.61397343165032,1
6498,0.491146204122848,2
6499,-4.65054654342511,1
6500,4.27100801955119,3
6501,-3.28734079984069,1
6502,-1.73325152432565,2
6503,-2.60132800750845,1
6504,-3.55845691234813,1
6505,-3.22622198144241,1
6506,2.53284183148106,3
6507,0.724999708576307,2
6508,4.6505620361472,3
6509,3.77912692053241,3
6510,-0.945056502792231,2
6511,-2.68051853745525,1
6512,-3.11729071471485,1
6513,1.55866378109588,2
6514,0.891520581179141,2
6515,0.389090532297012,2
6516,-3.02967830100199,1
6517,-2.0642553710307,2
6518,-1.54654749553771,2
6519,-1.90873734969968,1
6520,-0.986336317053269,2
6521,0.0227944231451889,2
6522,0.499715646239051,2
6523,1.24699040807504,2
6524,4.6063514516986,3
6525,4.53798077203192,3
6526,-0.360930048877003,2
6527,4.44958157594074,3
6528,-3.46979648514374,1
6529,-4.09599626707466,1
6530,0.717310412342599,2
6531,-3.5973300913628,1
6532,1.1273350100928,2
6533,1.5113711153913,2
6534,-1.75379726475207,2
6535,0.0555095428648723,2
6536,-3.04356948581148,1
6537,-3.10011652589269,1
6538,5.06045652313553,3
6539,4.20533149598043,3
6540,-0.0918070082042202,2
6541,-0.682706605763558,2
6542,0.141494558350148,2
6543,1.54198702770824,2
6544,-3.95167954301715,1
6545,4.3781999328032,3
6546,3.77397352612705,3
6547,0.366427285746922,2
6548,4.32650644794382,3
6549,2.64250091584382,3
6550,0.215776063450083,2
6551,-2.00382435143443,2
6552,0.683406455538803,2
6553,1.98511178276459,2
6554,1.59578333479431,2
6555,5.852233473603,3
6556,-3.64070600830538,1
6557,-0.38686369131377,2
6558,-0.507211077954383,2
6559,-2.31924136198282,1
6560,1.71013967532023,2
6561,1.23242097768883,2
6562,-0.619364751207046,2
6563,-2.50340650921739,2
6564,-1.25031206020367,2
6565,4.45786011882137,3
6566,-1.65236977680908,2
6567,1.31518008174595,2
6568,0.458815574442382,2
6569,4.95664501849533,3
6570,-0.468072564336127,2
6571,-1.59664210131948,1
6572,3.97944587820988,3
6573,1.42649174309633,2
6574,3.94534183111379,3
6575,-2.05677553161378,1
6576,-2.76306212087237,1
6577,6.03583436909379,3
6578,0.27580604991679,2
6579,-2.75360875414907,2
6580,3.05279352732699,3
6581,0.887106977157378,2
6582,-1.86032234280194,1
6583,0.62952138428992,2
6584,-0.480871431890273,2
6585,-3.242583267705,1
6586,4.71426646815471,3
6587,-3.33054470011996,1
6588,1.73154802913209,2
6589,0.247834608669137,2
6590,1.22618045720956,2
6591,-3.77731664341682,1
6592,-0.663547355536672,2
6593,-0.976105703649749,2
6594,-0.0144570974007778,2
6595,-0.920180526501519,2
6596,0.350226959507424,2
6597,-3.73050967280783,1
6598,-3.76356382579203,1
6599,2.96570929672279,3
6600,5.4922422055699,3
6601,3.13251260625146,3
6602,0.320515432417219,2
6603,1.23867251847222,2
6604,-0.496765687212136,2
6605,3.27437822889351,3
6606,0.889356785182597,2
6607,2.80685060090736,3
6608,-0.970491872039209,2
6609,3.36897811665854,3
6610,0.367501230897759,2
6611,-3.76832387848963,1
6612,-1.51779810927326,1
6613,1.65745634787285,2
6614,-0.828452648882737,2
6615,-0.0275350334105611,2
6616,0.0696744125654669,2
6617,-0.815205748637506,2
6618,-0.230609646495428,2
6619,4.89487021464483,3
6620,-2.97901641364576,1
6621,-2.90486729554458,1
6622,-1.94275978729032,1
6623,0.894698323521811,2
6624,0.591248734948418,2
6625,1.14541061392117,2
6626,5.74838156505926,3
6627,-0.899870707064619,2
6628,2.89485439080467,2
6629,-3.20721564525572,1
6630,-1.51216216812196,1
6631,-1.22312208393652,2
6632,0.329200587574838,2
6633,3.89118141298131,3
6634,3.15445959475799,3
6635,4.65045764968615,3
6636,-0.355779410672021,2
6637,-2.2060816329485,1
6638,-0.69274535356833,2
6639,-3.61116591668042,1
6640,-0.48874772568831,2
6641,1.73514737866748,3
6642,0.402574906183067,2
6643,4.81300347817754,3
6644,-3.21330714323307,1
6645,4.72506225152772,3
6646,-0.564277936786275,2
6647,5.07851475241984,3
6648,-0.885747065035595,2
6649,3.13175834441946,3
6650,4.73314698094584,3
6651,-1.42763817341705,2
6652,3.4356746685569,3
6653,-2.22438115792047,1
6654,4.68571600588944,3
6655,-1.27704373641475,2
6656,-3.5415891716217,1
6657,-1.4726494367775,2
6658,3.36278922231028,3
6659,0.942171680937316,2
6660,1.27235101713631,2
6661,3.50207340430741,3
6662,-2.76256972750897,1
6663,-5.62932544155136,1
6664,0.742349498291057,2
6665,0.0739198338164976,2
6666,-2.778980531439,1
6667,-0.123363719075361,2
6668,0.447831638138293,2
6669,5.47510824892149,3
6670,-4.31999652648691,1
6671,1.99927905786596,3
6672,4.90775199413711,3
6673,1.02424399526782,2
6674,0.0963710077701884,2
6675,0.547294217368083,2
6676,-0.5377569880887,2
6677,-3.60353124778834,1
6678,1.08529588092986,2
6679,-1.28309869203391,2
6680,-0.332385705278369,2
6681,-2.51937440012478,1
6682,5.20369150153219,3
6683,4.32434650700066,3
6684,3.20906311079552,3
6685,0.616962045310911,2
6686,-3.4557710627789,1
6687,-0.135261291562419,2
6688,0.930979056343251,2
6689,1.6873364383445,2
6690,0.192863736910638,2
6691,3.78784802424902,3
6692,0.414206182097416,2
6693,0.104269351971405,2
6694,-0.978402832216023,2
6695,1.13641129245042,2
6696,0.0385342268220356,2
6697,-5.04447707255807,1
6698,4.49308244823586,3
6699,-2.87358758389968,1
6700,4.88529812897282,3
6701,-2.43613260969412,1
6702,4.61091049864087,3
6703,-0.580806129900227,2
6704,4.12861270652025,3
6705,-0.704287225146178,2
6706,-1.16976792602983,2
6707,1.89111287289388,3
6708,-0.74767475707936,2
6709,4.17004964590181,3
6710,0.00875398014453547,2
6711,0.127099437362761,2
6712,-1.15166933686074,2
6713,0.794167471420084,2
6714,-2.13422059566551,1
6715,-5.29802640030622,1
6716,-0.0374150136340493,2
6717,0.868497252409914,2
6718,2.1539924198123,3
6719,1.41320322147466,2
6720,-0.84560346853087,2
6721,0.525831634256913,2
6722,-1.65835970500613,1
6723,0.166938041160069,2
6724,-2.87614575615539,1
6725,-1.7447381269927,2
6726,-0.476322723291209,2
6727,-0.336735245188683,2
6728,3.91253621658589,3
6729,-3.11133187467197,1
6730,4.0367091285509,3
6731,2.79560809788733,3
6732,2.83474318591224,3
6733,-0.697284584551621,2
6734,-1.18738065485708,2
6735,4.11080715637366,3
6736,1.06502977207387,2
6737,-1.44350387550395,2
6738,-1.80778009715662,2
6739,0.141199612995274,2
6740,6.29763347842826,3
6741,0.552947651207812,2
6742,5.28592362421824,3
6743,0.0221041852903872,1
6744,-1.45676385275197,2
6745,-0.237648907554613,2
6746,-2.10487433895498,1
6747,-1.11862209635986,2
6748,1.12468748523873,2
6749,3.44614015324338,3
6750,3.37838899242883,3
6751,1.06610268437664,2
6752,-4.19862235906875,1
6753,-3.79951395357653,1
6754,-3.43856346205883,1
6755,3.24577201458661,3
6756,4.9409902363268,3
6757,0.682793192202467,2
6758,4.1638480227702,3
6759,-4.34224312528345,1
6760,-2.60952500918578,2
6761,-3.62492838754192,1
6762,1.11643673864278,2
6763,-1.94567772802465,1
6764,-2.36666640443141,1
6765,-0.267897522190875,2
6766,-1.00420325447998,2
6767,-1.51123341901236,2
6768,-0.0930010885901879,2
6769,2.07212568257271,3
6770,-0.187570257333689,2
6771,1.12759346616907,2
6772,0.317251422360256,2
6773,3.00689456548824,3
6774,2.72972780278642,3
6775,-2.83623859315344,1
6776,-1.7037984055143,2
6777,-3.21404123998538,1
6778,-0.0378407039000508,2
6779,2.42063917273347,3
6780,-3.50352528693428,1
6781,4.01268182459934,3
6782,-0.20256487619833,2
6783,0.961010037635776,2
6784,-1.11948448426382,2
6785,2.66482382248943,3
6786,-4.58908969414543,1
6787,-3.71318782175601,1
6788,-0.57346530372923,2
6789,3.3790052895393,3
6790,-0.105388415641915,2
6791,0.538171974115534,2
6792,4.95014908761975,3
6793,-4.18620658531375,1
6794,0.322623762157625,2
6795,-0.552189300181318,2
6796,-1.51622051126191,1
6797,5.21228101334184,3
6798,3.17659117342796,3
6799,-4.29873199484646,1
6800,-1.81838214685609,1
6801,0.0620263861899982,2
6802,0.21636127581201,2
6803,0.940762582355679,2
6804,4.69290137749595,3
6805,-2.56127824941338,1
6806,-0.13611215659361,2
6807,3.71334335420726,3
6808,-0.331291452184084,2
6809,1.73713939902695,2
6810,1.52163774372306,2
6811,-0.315141000773201,1
6812,-0.946238346878203,2
6813,-2.13166035230123,1
6814,0.590351151685933,2
6815,-0.0368637196963349,2
6816,-1.22442065535727,2
6817,-3.49960018981591,1
6818,-1.62023028423844,2
6819,0.641573251982327,2
6820,-0.25578454152161,2
6821,5.64864074374536,3
6822,0.502179059686094,2
6823,-3.36365729709525,1
6824,-4.09955094170275,1
6825,-4.58945511359182,1
6826,3.8667903887309,3
6827,0.354738794936102,2
6828,1.00097515418795,2
6829,3.54758825268395,3
6830,4.02761923485769,3
6831,-1.36601034329139,1
6832,1.87015838792932,2
6833,2.54587403450183,3
6834,4.309818643926,3
6835,-2.24670495215092,1
6836,-3.48048522704442,1
6837,0.109872279131023,2
6838,0.918670629996042,2
6839,2.85600202038756,3
6840,0.215458852795724,2
6841,-1.69862732717358,1
6842,3.87320535796539,3
6843,3.40542263390339,3
6844,-4.2163473078919,1
6845,-2.42632489173696,1
6846,0.606090117308301,2
6847,-0.185466629123019,2
6848,-1.22221536911531,2
6849,-0.0698479401103959,2
6850,4.54066545461425,3
6851,0.24576190325574,2
6852,0.0584569654178771,2
6853,-1.41119312519735,2
6854,-2.28715767996889,1
6855,5.67204034524049,3
6856,0.0130261887470164,2
6857,3.36526667014396,3
6858,-2.90541647182643,1
6859,6.1326311434083,3
6860,4.79628819720307,3
6861,-3.32068923130039,1
6862,-2.81869652025085,1
6863,4.99233373914685,3
6864,3.02845400520887,3
6865,-2.72147938939792,1
6866,-0.131122855661501,2
6867,0.188278619044299,2
6868,3.82146087200985,3
6869,1.03704135567893,2
6870,2.89413104100171,3
6871,1.06054884200624,2
6872,1.25779662068081,2
6873,-0.34256835679028,2
6874,-1.04093584382297,1
6875,-2.83972246000682,1
6876,0.819754452082411,2
6877,-1.36993266539317,1
6878,-2.71768978545453,1
6879,0.103141817684016,2
6880,-1.57446266611955,2
6881,-2.18117186346822,1
6882,1.46673353907052,2
6883,-0.955012525982316,2
6884,0.618532251784249,2
6885,-2.99730833876988,1
6886,-0.0558260657035301,2
6887,-1.72797425500649,2
6888,-3.06465222809988,1
6889,0.991033942202365,2
6890,-0.0583640451901847,2
6891,4.40718105887331,3
6892,-0.577421344918043,2
6893,-0.804029989369464,2
6894,-1.29425839270764,2
6895,-1.61948547168546,1
6896,0.485923668062809,2
6897,1.89559699317342,2
6898,-0.349146939138152,2
6899,0.992881907632339,2
6900,0.289679285846421,2
6901,-1.83151169125044,1
6902,4.63050171577947,3
6903,-2.84329701262427,1
6904,3.0800513312823,3
6905,0.502782858153291,2
6906,-0.617647674785591,2
6907,-1.98512889480691,2
6908,-3.71721816157401,1
6909,-0.70378506653743,2
6910,4.24774450837487,3
6911,1.36392195568146,2
6912,3.59756059857348,3
6913,-0.492727604293671,2
6914,4.33013570792876,3
6915,-2.12620877503193,2
6916,-0.0246729283718233,2
6917,-0.688711859938011,2
6918,-0.371086502233272,2
6919,-0.187725488793352,2
6920,-3.52291237631342,1
6921,-2.15509575859193,1
6922,-0.319669395772421,2
6923,-3.51621598728368,1
6924,3.22207347676994,3
6925,2.52544445811265,3
6926,0.620988963443898,2
6927,-0.707736848552588,2
6928,-0.156740160934217,2
6929,4.44020123252255,3
6930,-2.27031080864796,1
6931,-1.51596906844372,1
6932,0.147656116917149,2
6933,4.18534779280681,3
6934,2.41707061116309,2
6935,1.01100559908234,2
6936,3.26273058821703,3
6937,-1.04711359062743,2
6938,-2.04283572580752,1
6939,4.73874074060038,3
6940,-1.41953834235091,2
6941,-0.496873947470779,2
6942,-3.35078639240638,1
6943,4.05595678047689,3
6944,2.42138011444996,2
6945,-1.25744854173679,2
6946,-1.04730028301091,2
6947,-3.84458342853595,1
6948,3.87095508036406,3
6949,4.62375964790997,3
6950,0.592780708087627,2
6951,0.295147004062264,2
6952,-0.885435444170508,2
6953,2.674807424572,3
6954,-1.29720147388242,2
6955,-0.990962518471982,2
6956,-0.1699602174836,2
6957,-2.21226115252482,1
6958,4.99442197204641,3
6959,-0.150307477864079,2
6960,3.98886739127525,3
6961,4.03414736071281,3
6962,-1.17921193210068,2
6963,0.863847975957668,2
6964,4.898615110514,3
6965,3.28874922913402,3
6966,0.360332077010547,2
6967,0.450377169868581,2
6968,1.53714488558615,2
6969,3.68307087915858,3
6970,1.46340758053025,2
6971,3.76606129537047,3
6972,1.2450301486185,2
6973,0.282013838236583,2
6974,-0.574685024548392,2
6975,0.387150587324501,2
6976,-4.85169172955149,1
6977,-0.109079876118132,2
6978,6.37206471054816,3
6979,-0.00517325229364259,2
6980,3.23909888948826,3
6981,-1.49321763791648,2
6982,-4.167396032264,1
6983,-4.96661715662964,1
6984,0.519887436771034,2
6985,0.0998192539386361,2
6986,-3.21905037893348,1
6987,-3.2504140523112,1
6988,4.35261772465349,3
6989,2.10655860175097,2
6990,0.440309141403076,2
6991,0.622705635129701,2
6992,-0.479462222356082,2
6993,0.270771895991867,2
6994,3.27590829896888,2
6995,-2.34705249722215,1
6996,-2.2264074859866,2
6997,-0.113843453185286,2
6998,-0.806461300793105,2
6999,0.0668317356055791,2
7000,4.7317204654596,3
7001,0.24770047442229,2
7002,4.41644202440562,3
7003,0.156881145749739,2
7004,0.66448047052591,2
7005,-4.08758071407693,1
7006,2.53100804381978,3
7007,-1.59628307950226,2
7008,-2.61769485745363,1
7009,-2.77928870902935,1
7010,-2.5648185091662,1
7011,-3.25099064374797,1
7012,-0.492190924375357,2
7013,4.03211893182028,3
7014,0.0327947685765251,2
7015,-4.18559164903534,1
7016,0.0136392328017951,2
7017,3.50720065486566,3
7018,-3.62503926784926,1
7019,-0.365336634931301,2
7020,-1.9744286303033,1
7021,0.744416337659274,2
7022,-3.67074802605326,1
7023,-3.73479925192128,1
7024,-0.591946857097672,2
7025,-2.70013474986386,1
7026,-1.42865306502266,1
7027,4.6954465304024,3
7028,-0.534844330403008,2
7029,0.434757453696401,2
7030,-1.04514527242289,2
7031,0.181456387645656,2
7032,0.331826954305442,2
7033,-0.971891257622327,2
7034,1.07753566006142,2
7035,-2.3148017619489,1
7036,0.46404938204628,2
7037,0.8591760307438,2
7038,4.14405008424754,3
7039,1.14414109742141,2
7040,4.35833654743804,3
7041,1.32441739035745,2
7042,1.71476121837628,2
7043,1.36624980298819,2
7044,-1.00953678417864,2
7045,-0.749450708751393,2
7046,0.626066840821814,2
7047,-0.442255356623107,2
7048,-1.64133423122997,1
7049,3.79552536472892,3
7050,2.73160340365078,3
7051,-0.74765546446844,2
7052,-2.88537027516153,1
7053,-0.59616968486012,2
7054,4.46803673025957,3
7055,3.13726315967618,3
7056,3.25038591452489,3
7057,0.257408211140715,2
7058,0.469312616007674,2
7059,-1.83474661005374,1
7060,0.585722003945402,2
7061,1.66575790352885,2
7062,1.32539797092552,2
7063,-0.0984901260055401,2
7064,-1.45044467260302,1
7065,3.53627585509581,3
7066,-1.14060970386147,2
7067,0.400904127545379,2
7068,4.79118838937914,3
7069,0.0968815812460447,2
7070,0.0992681566007817,2
7071,1.73050131428387,2
7072,4.4723446959628,3
7073,-3.648299296516,1
7074,-3.84840269995273e-05,2
7075,2.4326870502906,3
7076,-1.10076626213621,2
7077,-3.00484443653597,1
7078,-0.191280580464146,2
7079,-5.01868865908242,1
7080,4.15433703472103,3
7081,5.32572439283186,3
7082,4.55453420111566,3
7083,5.68640417523098,3
7084,-0.905278662343015,2
7085,-3.08208690377572,1
7086,-0.538226303471587,2
7087,0.19654977656002,2
7088,-2.08860870820404,1
7089,1.19161191262195,2
7090,4.70992262958602,3
7091,1.21450578994531,2
7092,-0.134651472082506,2
7093,-2.34348658942062,1
7094,-2.07661996166916,1
7095,4.93689399181489,3
7096,3.33388609005427,3
7097,-1.2285375707397,2
7098,-2.83193461611534,1
7099,-2.82586412489385,1
7100,-1.35561906468423,2
7101,0.407369085480355,2
7102,3.74916437565712,3
7103,-3.68602400009305,1
7104,0.837990321501561,2
7105,4.17912618964814,3
7106,-1.62846899968612,2
7107,-1.16944424186678,2
7108,-0.458743467606728,2
7109,3.12209135880086,3
7110,0.254068219646731,2
7111,0.975708454860259,2
7112,-2.39122398897229,2
7113,-3.40796669031778,1
7114,3.71941153003549,3
7115,-1.20219764681918,2
7116,0.393917044558323,2
7117,-1.15966477035314,2
7118,-1.60975859972385,2
7119,-2.87842768517955,1
7120,-1.11369772678606,2
7121,-1.11072398833375,2
7122,-2.79282802578207,1
7123,-0.348145175404448,2
7124,-1.35594279846149,2
7125,-2.33542954505559,1
7126,4.52836589333174,3
7127,-4.48792618735825,1
7128,2.94693356700454,3
7129,1.08512896360543,2
7130,-4.2621945493896,1
7131,-3.23017748948328,1
7132,3.59465693769074,3
7133,1.86660152850446,2
7134,4.29960942166517,3
7135,0.739336966168512,2
7136,4.26047584011884,3
7137,-3.54862736110332,1
7138,2.84694696634572,3
7139,-1.26625963195404,2
7140,-1.42765630977467,2
7141,2.22550289864308,3
7142,0.172659183962971,2
7143,4.06600058457619,3
7144,-2.5512318107651,1
7145,-0.357022568847804,2
7146,2.45899120349098,2
7147,0.732572641958218,2
7148,1.38481651121209,2
7149,3.56518728996057,3
7150,2.05410707311695,2
7151,3.68973191380047,3
7152,2.21797622726677,3
7153,2.89058211275974,3
7154,0.284409588673499,2
7155,-0.0234472743614127,2
7156,5.00795474851833,3
7157,3.58868219497358,3
7158,3.6777988004663,3
7159,-0.0232465159936248,2
7160,4.00953260696301,3
7161,1.58063306380892,3
7162,0.934875725666292,2
7163,0.420861380723434,2
7164,4.12074102971265,3
7165,-3.88646801111126,1
7166,-1.2929197757468,2
7167,-0.0104457896309208,2
7168,3.69117821297252,3
7169,0.97445687180668,2
7170,4.18388078766323,3
7171,-3.1905168020429,1
7172,0.341243420633991,2
7173,-1.18106902313072,2
7174,-2.69227320878938,1
7175,0.870229591425316,2
7176,-3.27412971735056,1
7177,4.19424856259654,3
7178,-0.384175028057493,2
7179,3.27748319057804,3
7180,3.59028789463064,3
7181,0.596546581983447,2
7182,3.8197063799088,3
7183,3.74674196159699,3
7184,-1.07282462705942,2
7185,4.301264289055,3
7186,-3.93135602482074,1
7187,0.619055380663752,2
7188,3.65902700007955,3
7189,1.43308002390937,2
7190,-0.399087420248963,2
7191,6.46837768986266,3
7192,-3.51541119974537,1
7193,3.3768773154441,3
7194,-1.84955081361908,1
7195,-0.64969678235561,2
7196,-1.97826432925518,2
7197,4.95984090358391,3
7198,2.4872113762946,3
7199,-5.50816635204148,1
7200,0.0519890587224565,2
7201,-3.9855391125623,1
7202,1.1814808095237,2
7203,-0.258273243330735,2
7204,-2.80433549643996,1
7205,-2.27043963904231,1
7206,4.07309817087855,3
7207,5.52197810199733,3
7208,2.82471876434655,2
7209,-1.10816067338053,2
7210,-4.17569818402416,1
7211,0.660185179168459,2
7212,-0.851797058411363,2
7213,0.534513388284073,2
7214,4.43139096901476,3
7215,0.684869475041558,2
7216,-0.130421889948526,2
7217,3.67515834200033,3
7218,-0.137579581182907,2
7219,4.4163845516608,3
7220,-1.9199911245538,2
7221,3.01694995906784,3
7222,0.50523305857902,2
7223,1.62398016004902,2
7224,4.74557048979421,3
7225,3.25791585217021,3
7226,0.00977875691569575,2
7227,-0.0787893747449257,2
7228,0.0663108751126725,2
7229,-0.316190965486705,2
7230,-4.24491762233132,1
7231,-2.79218516929659,1
7232,1.31688376872424,2
7233,4.79678361412306,3
7234,2.90336177783316,3
7235,1.74197897662288,2
7236,-0.596338058924886,2
7237,-1.94127687417407,1
7238,0.111038367521325,2
7239,-4.56842462075497,1
7240,-0.0123408555423865,2
7241,-0.568582303141119,2
7242,-0.548731015064967,2
7243,5.80159335709421,3
7244,4.62776271923588,3
7245,4.54718620386134,3
7246,-0.471632491670319,2
7247,-3.87803515301306,1
7248,2.96438680073029,3
7249,3.83877790798852,3
7250,-2.83546588239442,1
7251,-1.71404332731453,2
7252,-3.26770642155708,1
7253,0.924742515541944,2
7254,0.630873707780011,2
7255,-3.52467119946967,1
7256,-0.332192091893926,2
7257,-2.82836849307546,1
7258,-2.5747645205589,1
7259,0.916666822054779,2
7260,-2.16237006576833,1
7261,4.6083946306051,3
7262,-2.98577730431935,1
7263,-0.0285917181661211,2
7264,5.18763919384774,3
7265,1.23170354306709,2
7266,-2.41326466090737,1
7267,4.95623289329757,3
7268,0.0705485417925557,2
7269,1.10772289770159,2
7270,-1.97679824472588,1
7271,-1.15673374542218,1
7272,0.52853744956257,2
7273,0.467675329647353,2
7274,-1.97326132409618,2
7275,4.39232161906705,3
7276,-1.15579938527956,2
7277,-0.777832675853036,2
7278,-3.27907217078731,1
7279,4.45917219997063,3
7280,-0.494322917187916,2
7281,-2.7564672812397,1
7282,0.0203573007436711,2
7283,-0.0528378442452677,2
7284,-1.0380420431511,2
7285,-2.84340467664985,1
7286,0.331178339211541,2
7287,5.9671369595236,3
7288,-2.39462933106967,1
7289,0.488947815943938,2
7290,-1.1380526011713,2
7291,4.37694752996064,3
7292,-2.00652001787779,1
7293,0.405770114828656,2
7294,-4.63729165104512,1
7295,-1.42329438949761,2
7296,0.141241738837254,2
7297,-3.32593158553123,1
7298,4.95215225714181,3
7299,0.601874266947382,2
7300,1.56983056712062,2
7301,3.31459246990755,3
7302,2.00507158680636,3
7303,-2.10160375931705,1
7304,2.41505639305858,2
7305,4.61534670659847,3
7306,-2.78801956662771,1
7307,-3.49635760734966,1
7308,3.54421896638993,3
7309,0.771469878691198,2
7310,4.7163583363176,3
7311,-0.553795211581469,2
7312,3.44563176640157,3
7313,4.0317639392574,3
7314,-2.08584126607228,1
7315,0.173655478839017,2
7316,1.78330681833913,2
7317,5.58297954237461,3
7318,4.56304947653057,3
7319,-1.83678545609764,1
7320,-2.09648357363832,1
7321,1.7131726534035,3
7322,4.16140404476149,3
7323,-1.73483156478667,1
7324,-3.74972578685219,1
7325,1.16912354606323,2
7326,3.00049994597498,3
7327,-4.13397290517125,1
7328,2.76728594386259,3
7329,-0.129037134705162,2
7330,5.7434845834112,3
7331,-4.19693521218868,1
7332,4.08404760208091,3
7333,-1.37869986563734,2
7334,6.43541243676281,3
7335,5.7495283281769,3
7336,-0.419845439744831,2
7337,0.469177847669925,2
7338,-1.61193635690363,2
7339,-0.86943461115035,2
7340,0.485399428386068,2
7341,-2.97389977467376,1
7342,-2.07485622665075,2
7343,-1.81281318934844,1
7344,5.20288886088496,3
7345,-0.0864712721110291,2
7346,-0.76672924833678,2
7347,0.781435892320192,2
7348,0.5185571703497,2
7349,-0.122508155169796,2
7350,-2.89892084860472,1
7351,2.35919691735473,2
7352,-4.49869825452676,1
7353,0.180887564900774,2
7354,1.42939833345956,2
7355,4.40600612687932,3
7356,-3.25609219219825,1
7357,-3.0519819061809,1
7358,0.495119681899253,2
7359,-0.529590169612876,2
7360,-0.903603205337453,2
7361,-0.619043185207939,2
7362,1.20624313870859,2
7363,-2.35816997234838,1
7364,0.137003753628528,2
7365,0.315623451363177,2
7366,1.62105050747679,2
7367,-3.19588924882983,1
7368,-3.48267682179631,1
7369,-3.69470697892051,1
7370,-0.44632250325216,2
7371,2.80894763296934,3
7372,0.897374477733325,2
7373,0.747985102745544,2
7374,4.36401546184027,3
7375,-2.04270308488149,2
7376,-3.45776053324051,1
7377,-1.21017318376228,2
7378,3.17676574713947,3
7379,0.724514310071569,2
7380,1.83802787018593,2
7381,5.6570126031443,3
7382,-0.648599701013159,2
7383,4.80984780121057,3
7384,5.20868496155421,3
7385,-2.16559843224296,1
7386,-3.08105489251126,1
7387,-4.20086932820744,1
7388,-1.23769284056948,2
7389,5.12591957226936,3
7390,4.92109722157486,3
7391,1.09853317980308,2
7392,-2.12877075941779,1
7393,-0.604202960843697,2
7394,3.57919057917775,3
7395,-3.59340212500083,1
7396,-0.231168508634999,2
7397,3.4368536490402,3
7398,-2.59530934376242,1
7399,-0.131452234665525,2
7400,1.95618958116585,3
7401,3.36745522077127,3
7402,4.52425537544907,3
7403,-0.870549994900965,2
7404,1.18305691015126,2
7405,-3.676770530438,1
7406,-2.71792593201496,1
7407,-4.9940787873306,1
7408,4.40642107719075,3
7409,-1.40739406899524,2
7410,-1.49987005889833,2
7411,0.888692440655481,2
7412,2.99152532733133,2
7413,3.0237807713937,3
7414,0.415709689724458,2
7415,-2.62535643199501,1
7416,1.29426181595304,2
7417,-3.72889122929114,1
7418,-1.51198461058447,2
7419,-3.13315096432894,1
7420,3.91186516446528,3
7421,0.0425133093058528,2
7422,-4.94151837604062,1
7423,-2.62699534419508,1
7424,-1.84553238616542,2
7425,-3.28070226753424,1
7426,4.41743765692818,3
7427,-3.14881636135987,1
7428,-0.278925581491909,2
7429,1.86164249953022,2
7430,-1.26136623309375,1
7431,-2.06230271816286,2
7432,6.16178726647596,3
7433,2.39883323295012,2
7434,-1.53788372174715,2
7435,-2.35177022626851,1
7436,1.21840108562617,2
7437,4.79118876881493,3
7438,-0.240167897097374,2
7439,1.40582153073401,2
7440,2.56525578668468,3
7441,2.94029465831606,3
7442,-4.55786379738557,1
7443,3.74679817271022,3
7444,-2.83937616690889,2
7445,-5.31373577389942,1
7446,4.74167051170081,3
7447,-1.50083173493229,2
7448,-1.00819808527943,1
7449,5.23872328136125,3
7450,-1.87499725417183,1
7451,4.39809215633924,3
7452,-0.577898941085043,2
7453,0.587354813049546,2
7454,-0.819023245342681,2
7455,0.0652536747367251,2
7456,-2.51454002109512,1
7457,-2.159460173039,1
7458,0.386893969204339,2
7459,1.04706493489168,2
7460,-2.50134195617008,1
7461,0.138729601683047,2
7462,-0.253966133668967,2
7463,-3.35938571816561,1
7464,-0.0652582755903693,2
7465,1.11370060543598,2
7466,-1.60021664378749,1
7467,2.18538931782692,3
7468,2.54036862385644,2
7469,-3.26514505669635,1
7470,5.41437989460868,3
7471,4.25622613836889,3
7472,3.79073728791673,3
7473,2.78381667462132,3
7474,1.61447746884251,2
7475,-0.296114656814332,2
7476,0.214650211509929,2
7477,-2.12211210045675,2
7478,-3.996838982378,1
7479,5.43850642301198,3
7480,-2.32674613664516,1
7481,-0.882059097299561,2
7482,-1.0949564150913,1
7483,-0.153480072072986,2
7484,-2.45871585651765,1
7485,0.616992709956802,2
7486,0.563353249160496,2
7487,2.64078386669598,3
7488,-3.67366858127874,1
7489,4.73084034330682,3
7490,-2.98887081277911,1
7491,-4.31912572417651,1
7492,1.04159278248064,2
7493,-3.35454240307398,1
7494,-0.63020028988294,2
7495,-1.08100043519868,2
7496,-3.72775332596874,1
7497,3.44910774977718,3
7498,5.77208750669294,3
7499,6.84546508656049,3
7500,-3.5876847565859,1
7501,-0.224143134032667,2
7502,-0.884305432351103,2
7503,5.80336753128943,3
7504,0.619530244648907,2
7505,-4.54608859424524,1
7506,-3.2112446277176,1
7507,3.87354761322922,3
7508,0.107412294687636,2
7509,3.45244900484987,3
7510,-3.63532307721789,1
7511,-1.44114002209388,2
7512,-2.1006459467969,1
7513,-3.3159369312424,1
7514,-0.00543950784984736,2
7515,-0.937738738780248,2
7516,4.26279106818674,3
7517,-1.20335093346794,2
7518,-4.5091665373287,1
7519,-0.249252612008858,2
7520,-3.50636178792258,1
7521,0.0589754749151922,2
7522,-2.6016372843714,1
7523,-1.31718431349308,2
7524,0.511570775289022,2
7525,-3.52362669788616,1
7526,-4.07639669493838,1
7527,-3.05129788612536,1
7528,-4.00837660827701,1
7529,0.0390446413634702,2
7530,-0.798863278169122,2
7531,0.198680207047596,2
7532,3.45678363098778,3
7533,-1.07289994496582,2
7534,-2.0811641192689,2
7535,-1.25021542760217,2
7536,0.922301059107954,2
7537,3.21144945328684,3
7538,4.30962573180034,3
7539,-4.96866155667422,1
7540,3.11282710828818,3
7541,-0.25660425262195,2
7542,0.54164091212584,2
7543,0.483314635182074,2
7544,1.11407753323473,2
7545,-0.873034514793412,2
7546,-0.133307420233706,2
7547,2.6805906128019,3
7548,2.89539969786249,3
7549,-0.648398617928522,2
7550,-2.22113997021647,1
7551,0.48915850008,2
7552,-0.446973886539407,1
7553,3.8094080076858,3
7554,3.59764073404225,3
7555,-1.84394727346894,2
7556,-4.12460367125824,1
7557,-0.556709400434332,2
7558,-4.26506123460653,1
7559,-1.35425784600741,2
7560,-3.57185005789556,1
7561,0.348797683174704,2
7562,-0.439742707587809,2
7563,-0.16074859865845,2
7564,4.69201758459396,3
7565,-2.55179022137057,1
7566,-0.120643584601851,2
7567,4.1832669688825,3
7568,-4.69186241488407,1
7569,-2.56553170186717,1
7570,-3.27203011717051,1
7571,0.215926206229537,2
7572,-4.13402124475505,1
7573,1.40758868957049,2
7574,-3.37941579818102,1
7575,0.333169281179697,2
7576,-0.0376828117706237,2
7577,0.00167062410266024,2
7578,-0.335768542377534,2
7579,-3.0178636211101,1
7580,3.17798487756191,3
7581,4.9484573431001,3
7582,0.425828084013383,2
7583,-5.07848926886002,1
7584,-1.44816529018399,2
7585,-0.168516631588257,2
7586,1.60318075443505,2
7587,0.27483248030804,2
7588,-3.28162427879078,1
7589,2.02870348419549,3
7590,-3.59461726745951,1
7591,-2.35248664202241,1
7592,0.0213242036088949,2
7593,-2.98609634169661,1
7594,-0.700380638845554,1
7595,-2.73878199950826,1
7596,-0.402155077823464,2
7597,-0.145816428129493,2
7598,-1.39578781837612,1
7599,1.02167750131776,2
7600,0.382329981106898,2
7601,-0.20899787818783,2
7602,1.44276824076692,2
7603,4.46140540951731,3
7604,3.5731345737509,3
7605,-4.10108174171923,1
7606,-0.900476186439797,2
7607,4.21028824714917,3
7608,-0.706921026168906,1
7609,-0.443788859098143,2
7610,-3.1497897197934,1
7611,0.295159338034633,2
7612,-0.281042036472996,2
7613,-2.37498614160957,2
7614,-3.1023465135206,1
7615,-3.23906775945471,1
7616,1.07727289261698,2
7617,-0.277366227607279,2
7618,-0.140391418142241,2
7619,-2.5390837940108,1
7620,-3.46665535362322,1
7621,0.184173461400253,2
7622,2.99673680866134,3
7623,4.09800739489028,3
7624,-2.12723267692916,2
7625,-1.9546943360367,1
7626,0.985935291656512,2
7627,-1.88535145463802,1
7628,3.57072510246323,3
7629,0.138099933242379,2
7630,0.581466657889296,2
7631,1.28460132176685,2
7632,-2.88254041537301,1
7633,0.395379891222626,2
7634,-2.99923581363749,1
7635,1.48370145305015,2
7636,0.402639185314637,2
7637,0.390407377124082,2
7638,-3.8802125455661,1
7639,-2.55861680164636,1
7640,-0.813952668017409,2
7641,-0.152525559658479,2
7642,1.09363612666732,2
7643,-0.502192713878502,2
7644,-1.47256043761472,2
7645,4.40964363223883,3
7646,5.32108027016545,3
7647,1.09648738242962,2
7648,1.09456625573888,2
7649,-0.737138692521686,2
7650,-2.79079191756287,1
7651,-0.456296359001271,2
7652,0.10271365536439,2
7653,2.81687809590495,3
7654,-0.278674836619455,2
7655,2.82523042689956,3
7656,1.62673701629703,2
7657,-3.76948492289028,1
7658,0.390370821271542,1
7659,5.0532763543993,3
7660,3.71069004060271,3
7661,-3.58252877399701,1
7662,6.01439167588808,3
7663,-4.45884941443809,1
7664,0.552109462476014,2
7665,-0.356463580925087,2
7666,0.345861674157838,2
7667,-2.50954289457859,2
7668,-5.69532936912452,1
7669,-0.932649556192767,2
7670,0.241264776406274,2
7671,0.826789248521633,2
7672,-1.69993221571343,2
7673,-2.93470696647468,1
7674,1.17912968355308,2
7675,-0.875318548777549,2
7676,-0.950077589348363,2
7677,4.23597164863,3
7678,-0.759682871256906,2
7679,-1.7050542043297,1
7680,-3.39063525147481,1
7681,-0.326590873793965,2
7682,-1.30579410177537,2
7683,-0.131983757227639,2
7684,0.374320874220963,2
7685,5.36236308964837,3
7686,5.62163486309893,3
7687,-0.53481116323028,2
7688,0.258120818631158,2
7689,-1.08185278393076,2
7690,-1.04633212010196,1
7691,0.774384606617658,2
7692,-1.29513325339756,2
7693,1.60058413931273,2
7694,-2.25849910791376,1
7695,-2.71612109364765,1
7696,3.91815190507234,3
7697,0.677509852574167,2
7698,-2.54523073101737,1
7699,1.7700780657183,2
7700,0.201719599167546,2
7701,4.72712461202541,3
7702,1.0086778109008,2
7703,-4.99274848868858,1
7704,0.385040501175137,2
7705,1.94059323311413,3
7706,-1.36850796956361,2
7707,1.54553917409677,2
7708,-2.37933644227105,1
7709,-0.315781872662742,2
7710,-2.44275425362106,1
7711,5.34694791410306,3
7712,0.301398927192011,2
7713,-1.70078808299975,2
7714,4.76030103487791,3
7715,-1.02145633708376,2
7716,3.65472206245765,3
7717,-4.32295111275522,1
7718,3.56575533519276,3
7719,-3.81479278405265,1
7720,-2.19389113162497,1
7721,-2.87832969803315,1
7722,-1.77954774715351,2
7723,0.144840039347648,2
7724,3.06244199917504,3
7725,-0.277725410828986,2
7726,1.82388860487439,3
7727,0.0912301601069542,2
7728,0.220506659926104,2
7729,3.64346457071697,3
7730,-3.99447983617839,1
7731,-3.57661892421144,1
7732,5.84889391089167,3
7733,-0.00742458068206362,2
7734,-2.59151149515985,1
7735,-0.710161355016415,2
7736,-0.457483758648024,2
7737,4.30677423478767,3
7738,-3.66734209617641,1
7739,5.43215449095927,3
7740,1.77431209815439,3
7741,4.48130654020099,3
7742,-0.839800257326232,2
7743,-0.703421268235952,2
7744,0.410572221752549,2
7745,2.24401456126373,3
7746,-0.360501471386532,2
7747,2.9238239501318,2
7748,-2.2101820781795,1
7749,-0.389069154981751,2
7750,-2.49506730227218,1
7751,-1.0058648980287,2
7752,3.02987253946513,3
7753,0.160304203231936,2
7754,-2.91797621388336,2
7755,3.31397351642799,3
7756,-0.94118578917588,2
7757,-2.45635137874516,1
7758,0.858147790153634,2
7759,-0.265342733295722,2
7760,0.537578617769642,2
7761,-0.454611040789359,2
7762,1.25552093487775,2
7763,5.17715630554953,3
7764,4.07948906520845,3
7765,-2.72372544345666,1
7766,-0.393517451126126,2
7767,-0.0604259719260048,2
7768,0.599325334115896,2
7769,-0.0378021283944908,2
7770,-0.603470494839364,2
7771,0.10571373539749,2
7772,-3.85136535386076,1
7773,0.549337333014554,2
7774,0.928532701142653,2
7775,-0.0239894760659167,2
7776,1.51913192071641,2
7777,-3.60025958714713,1
7778,-3.89536335797754,1
7779,0.430177724937883,2
7780,4.51026782669332,3
7781,-0.478686769821278,2
7782,-2.15019335248881,1
7783,-0.831528899543843,2
7784,-1.06846647571752,2
7785,2.89844117048615,3
7786,3.66665457425303,3
7787,-2.17042602067888,1
7788,-3.22768406489553,1
7789,-0.598652381678844,2
7790,0.945466684608465,2
7791,-4.64849481838128,1
7792,-0.0502266005733623,2
7793,-4.19054257551753,1
7794,4.0098050429219,3
7795,3.87738930161612,3
7796,3.46322694520117,3
7797,-1.49767184123777,2
7798,3.40225392131223,3
7799,-2.0742065856962,2
7800,2.72531921835244,3
7801,-3.34075354094095,1
7802,-2.64974382047555,1
7803,5.09669737188166,3
7804,-3.09143427555014,1
7805,1.76588815502968,2
7806,-0.652818422046043,2
7807,-1.54871905611663,1
7808,-0.019471857856035,2
7809,5.07419520091432,3
7810,-0.617623540241725,2
7811,-1.90344641952332,2
7812,-2.90873261651176,1
7813,-1.55213598687451,1
7814,2.05741997137662,2
7815,0.0546095741367307,2
7816,-2.82527360301816,1
7817,1.40288067524327,2
7818,-0.187146328247514,2
7819,-1.55363634292591,2
7820,-0.14339993799626,2
7821,4.22704241597764,3
7822,4.77277385506915,3
7823,0.184011110654948,2
7824,-3.50219871834286,1
7825,-0.513088192302024,2
7826,-3.81644722581211,1
7827,5.9397382112248,3
7828,0.7058040936338,2
7829,4.57058654231798,3
7830,2.27412441072457,3
7831,1.25694026298972,2
7832,-0.351007069840009,2
7833,-0.0639032150351381,2
7834,4.30066268156266,3
7835,-3.65277439594702,1
7836,-1.4188888331771,2
7837,0.576005728308136,2
7838,-1.33156143483864,2
7839,0.328528060071521,2
7840,-0.593128760821164,2
7841,3.96577876043146,3
7842,3.6503222488788,3
7843,0.696840799385693,2
7844,-2.94544675418801,1
7845,-0.318611569966249,2
7846,0.491372928474695,2
7847,1.50048061976527,2
7848,0.228593291980103,2
7849,-1.51429472782324,2
7850,-0.65462442147273,2
7851,4.89205847806438,3
7852,3.62210538283508,3
7853,1.7135905821975,3
7854,-4.54875280423022,1
7855,0.680655637101082,2
7856,0.230438944862016,2
7857,4.21233159309894,3
7858,5.04222750323098,3
7859,-3.49103116605654,1
7860,-2.37293125688502,1
7861,6.85563219584061,3
7862,-0.334805580381143,2
7863,-1.9732149439251,1
7864,-0.202608853041903,1
7865,0.302298495796781,2
7866,3.4913485236291,3
7867,1.23617915452482,2
7868,-1.52279467126516,1
7869,-3.55527835131325,1
7870,-0.494181843877065,2
7871,-0.302073501137212,2
7872,-3.7741449296054,1
7873,-3.41458872636367,1
7874,-4.08999187241124,1
7875,-2.92783324758524,1
7876,1.06713532118701,2
7877,-1.20279475722774,2
7878,-1.92505492272761,1
7879,-3.73677153935145,1
7880,-0.596764229709111,2
7881,0.211411132514887,2
7882,-3.45319782999484,1
7883,1.61910061010553,2
7884,-1.42085443819191,1
7885,4.6329324490232,3
7886,5.80799277841515,3
7887,-2.63103547261491,1
7888,0.574483137039139,2
7889,1.61208119736512,2
7890,0.616813884899903,2
7891,0.140564613848128,2
7892,-2.84816766964492,1
7893,6.37604385319617,3
7894,-3.45093464705665,1
7895,-2.37540831663088,1
7896,1.21696744889734,2
7897,-1.21492788423149,2
7898,-1.96934798429767,2
7899,-1.60699047340335,2
7900,-2.27343580239355,1
7901,-0.455711994077975,2
7902,-3.39703052032784,1
7903,0.089640627048418,2
7904,-0.196685815876952,2
7905,2.49659188409425,3
7906,2.41590691447369,3
7907,3.85803387552143,3
7908,-0.444936363904856,2
7909,5.16326308160103,3
7910,3.9504191368057,3
7911,2.99289882181863,3
7912,-1.78482822322188,2
7913,-4.42110844750449,1
7914,-2.56086961161144,1
7915,4.2011795591591,3
7916,-2.02302661331438,1
7917,5.1320007304553,3
7918,4.8144417092895,3
7919,4.63090702217829,3
7920,4.85186737853328,3
7921,0.86293397133127,2
7922,-2.31208322702417,1
7923,-4.75652739555764,1
7924,-4.24104449680849,1
7925,-0.164343918304594,2
7926,3.64111273070898,3
7927,-0.321164122841576,2
7928,4.54179518039111,3
7929,0.76433552342133,2
7930,-0.227291151311803,2
7931,-0.994426725699372,1
7932,1.3497427411458,2
7933,-2.13584751377411,1
7934,4.47119159020196,3
7935,-0.0220150362400862,2
7936,-1.69473846365232,1
7937,4.41206192459753,3
7938,-2.31652637902015,1
7939,0.0572003437749521,2
7940,-0.611022543415865,2
7941,1.89825592808661,3
7942,0.725505461365908,2
7943,2.6997733782168,3
7944,1.21303635372129,2
7945,4.77020490916377,3
7946,-1.28415776513223,2
7947,-4.14777075045925,1
7948,3.85802531456698,3
7949,-0.558288003324279,2
7950,-2.89806086509479,1
7951,-2.34414358896845,2
7952,0.999246299474132,2
7953,3.89278019173042,3
7954,5.35386629062724,3
7955,2.93920237750521,3
7956,0.242843946422432,2
7957,-2.67816441082093,2
7958,-0.240403654831488,2
7959,-0.23864909058919,2
7960,3.40498649143617,3
7961,4.65938949200626,3
7962,1.55250207170482,2
7963,3.26212705116245,3
7964,-3.52437204259752,1
7965,-3.33242284456672,1
7966,-0.564930211034253,2
7967,-0.145321250629295,2
7968,-2.78299396752285,1
7969,0.733739518696073,2
7970,3.38023254759592,3
7971,2.86274741217666,3
7972,5.7704099411341,3
7973,4.23029839471334,3
7974,-0.96822851072663,2
7975,0.947324753875237,2
7976,-0.0492386288291377,2
7977,-3.47561502421118,1
7978,-0.552001992984767,1
7979,-3.21215053208195,1
7980,1.67049800540912,2
7981,0.314399515561469,2
7982,0.533685008357217,2
7983,3.00730644157412,3
7984,-3.2985828851515,1
7985,-3.93656903413579,1
7986,0.457153650450167,2
7987,-1.28493501311672,1
7988,-0.732566487362173,2
7989,3.96064033521324,3
7990,-0.0859842009139841,2
7991,-0.964888832576544,2
7992,3.6960571457502,3
7993,-3.1889815757709,1
7994,-3.24179064265461,1
7995,4.04166091634477,3
7996,1.74568499211517,2
7997,-3.03653722220474,1
7998,0.390362282133484,2
7999,4.35668909518136,3
8000,-1.78676065095644,2
8001,0.363314588085867,2
8002,-2.10064432414329,1
8003,-0.332290606474839,2
8004,-0.37035070411506,2
8005,-1.42869016738371,2
8006,3.41750754705071,3
8007,-1.34886543032903,2
8008,4.98070049604661,3
8009,-0.0236760890253119,2
8010,-0.108508800819902,2
8011,1.94533707765883,2
8012,0.178738701781817,2
8013,0.324860466266969,2
8014,-0.24830383060076,2
8015,5.21382258885069,3
8016,-0.779880243419497,2
8017,5.08399999860691,3
8018,-1.95610865169097,1
8019,-0.951338626808144,2
8020,3.69464646175628,3
8021,3.97754010166202,3
8022,0.259731150608054,2
8023,-1.04396345037488,2
8024,2.60009560697727,3
8025,-2.45436447175753,1
8026,5.6864853826376,3
8027,0.297891244345568,2
8028,-4.3666232971684,1
8029,-2.88716830501685,1
8030,-1.35293498302923,2
8031,-1.60142799366253,1
8032,-3.57438868976327,1
8033,-1.81470708529688,2
8034,0.736333814551808,2
8035,-0.300924303869464,2
8036,-1.70080390624316,1
8037,0.276155443869339,2
8038,1.18797120323758,2
8039,-3.20574614381757,1
8040,4.11910995527231,3
8041,3.60528955865466,3
8042,1.1377699929415,2
8043,4.17063543675306,3
8044,3.79668639331346,3
8045,3.35953350847395,3
8046,-0.297443677420138,2
8047,-1.91044562155148,2
8048,-4.13730362066574,1
8049,-2.72298874833999,1
8050,-1.98505682725634,1
8051,-3.16292671069845,1
8052,3.8870449467595,3
8053,-3.28490348155087,1
8054,-1.39128503779909,2
8055,3.41036111630806,3
8056,2.60311211033926,3
8057,-0.239634163130693,2
8058,-3.28937584855757,2
8059,-1.00146535212659,2
8060,-0.318468478289267,2
8061,0.749030435261853,2
8062,4.49257229875544,3
8063,-0.682169375643072,2
8064,3.31661948462347,3
8065,-2.98074072537463,1
8066,-1.12632173407089,2
8067,0.422840228773344,2
8068,0.104925407257234,2
8069,4.27845852670041,3
8070,-3.3957979502889,1
8071,-1.39868047845967,2
8072,0.16984704552344,2
8073,-0.122634825795052,2
8074,4.94281045088693,3
8075,3.62521854093262,3
8076,2.74215509354372,3
8077,0.10688293076497,2
8078,0.319855338558353,2
8079,-1.73200341381762,1
8080,-2.62800505457709,1
8081,-2.01983338623565,2
8082,2.68184795028488,3
8083,0.0302883523965746,2
8084,-2.84384429272467,1
8085,-3.41433994791886,1
8086,-0.613786417628227,2
8087,5.6895905176338,3
8088,-1.34698120837174,2
8089,-0.404328026761701,2
8090,4.105297364443,3
8091,1.04721605508961,2
8092,0.623421655165673,2
8093,0.362035080919156,2
8094,3.02015959997484,3
8095,0.385927146861621,2
8096,0.55487533609341,2
8097,3.74226816505888,3
8098,3.07276171878912,3
8099,-4.20844272044307,1
8100,-1.32430306759681,1
8101,0.486182864879867,2
8102,0.197449515466589,2
8103,2.33752882268268,2
8104,-1.97532676518165,1
8105,-4.04910092481282,1
8106,0.253270149612449,2
8107,2.90276048110254,3
8108,1.88010634326583,2
8109,0.801037474987433,2
8110,-3.70539834162691,1
8111,1.58196744706869,2
8112,5.08766682206879,3
8113,-1.25008980491088,2
8114,-4.24022784904392,1
8115,0.168806737963375,2
8116,-1.28776572578927,2
8117,-0.0604490891555284,2
8118,-0.350154112917245,2
8119,3.51255945745833,3
8120,0.60592517751456,2
8121,-4.93444407073205,1
8122,-1.4533908457759,1
8123,3.2037874957861,3
8124,-0.798348314380711,2
8125,-4.49582681398214,1
8126,-0.886524893523497,2
8127,0.517725254590259,2
8128,3.01057636679591,3
8129,-0.619014968381663,2
8130,-0.389590456231888,2
8131,2.23377741359153,2
8132,0.323121002574827,2
8133,-0.707931887106341,2
8134,-0.628717129629501,2
8135,4.04610509111133,3
8136,0.313166943227935,2
8137,-3.06876564230384,1
8138,-2.4063348426823,1
8139,3.88663377738632,3
8140,-0.250570213789226,2
8141,1.56889017974812,2
8142,-0.498454515445812,2
8143,1.6366827702832,2
8144,-1.02562705123497,2
8145,-0.0153078731923365,2
8146,-4.40454586110179,1
8147,1.58317836100403,2
8148,-0.834522825751897,2
8149,1.20944426976428,2
8150,0.57467532847443,2
8151,4.84619397183317,3
8152,-0.812667006983423,1
8153,-3.61643584287353,1
8154,-1.63090015380143,1
8155,0.20285431550106,2
8156,2.0815407618401,3
8157,1.32823335412769,2
8158,-0.379689160135705,2
8159,-3.20979317122851,1
8160,-0.331321204454683,2
8161,-2.58723050280597,1
8162,2.89933722728401,3
8163,3.10643436039373,3
8164,3.06137671277757,3
8165,-5.54934277475043,1
8166,-0.122163599186946,2
8167,-2.39122098826537,1
8168,-4.82288726903245,1
8169,-2.17841891836251,1
8170,4.66410110222206,3
8171,-1.59529150956621,2
8172,-2.17399642996397,2
8173,-2.75631257040091,1
8174,2.94092777084306,3
8175,-0.984144075044672,2
8176,-4.56528176503053,1
8177,3.43798758529449,3
8178,3.67708636839303,3
8179,-0.239937983315594,2
8180,4.88591648528413,3
8181,2.65374072860382,2
8182,0.532656441337799,2
8183,0.966104734909007,2
8184,-0.903621292380002,2
8185,-2.48890361390587,2
8186,6.61914186876191,3
8187,0.719396102982843,2
8188,-0.647925964720306,2
8189,5.44942319012099,3
8190,3.71145719794616,3
8191,3.31128279297067,3
8192,5.06850860216333,3
8193,-0.415337398323979,2
8194,-4.22071771225453,1
8195,3.42901010396208,3
8196,-4.92514525183712,1
8197,0.550965515977292,2
8198,-0.568073072207334,2
8199,-1.68526239503335,2
8200,-3.20258128441702,1
8201,0.430202610728404,2
8202,-0.432476067022042,2
8203,0.695165011889778,2
8204,3.70605490680619,3
8205,-0.870917714356669,2
8206,3.09854961533091,3
8207,-1.08167529695,2
8208,2.84266089241909,3
8209,-0.873191554689282,2
8210,3.21158666871576,3
8211,-3.05171821289488,1
8212,-0.802389842175159,2
8213,-0.219160653899728,2
8214,4.00703032259176,3
8215,-1.11367173348657,2
8216,-0.159137939752504,2
8217,-3.41378800539887,2
8218,-2.49587374540839,1
8219,2.51936568147859,3
8220,-2.34922163684632,1
8221,-4.25544427798198,1
8222,1.26276162796841,2
8223,-0.189315697763474,2
8224,1.0123873950144,2
8225,-2.0596899100891,1
8226,-2.08950962800445,1
8227,-3.95444893518782,1
8228,0.753812887631443,2
8229,0.319835560866633,2
8230,3.17849314246771,3
8231,-1.33847605465212,1
8232,1.73223869637675,2
8233,-0.0444719203914545,2
8234,0.99290910096881,2
8235,-2.62157609636317,1
8236,-3.24965068816887,1
8237,-1.6054317144697,2
8238,-0.307188837918487,2
8239,1.38733458917175,2
8240,0.0313446839741886,2
8241,0.699357750880307,2
8242,4.2364486866564,3
8243,-0.0760459783736423,2
8244,-2.79250485928153,1
8245,-3.51016044142411,1
8246,-3.2652837748645,1
8247,-2.90341416591756,1
8248,4.30536135689843,3
8249,0.0587806858326671,2
8250,0.574503005108307,2
8251,0.473501010253413,2
8252,6.399464491349,3
8253,1.19037838497796,2
8254,0.880440689856259,2
8255,-3.63756876508045,1
8256,-2.35844856859075,1
8257,-2.84831949549068,1
8258,-1.99068784495532,2
8259,1.0866419673221,2
8260,0.500047962609191,2
8261,2.79919055557852,3
8262,2.71567707709563,3
8263,-0.673769295614137,2
8264,0.464740429947891,2
8265,-3.69330452793067,1
8266,0.937498171832295,2
8267,0.138357324986206,2
8268,3.88340841918428,3
8269,-4.8563605863048,1
8270,2.53731786846415,3
8271,-0.0407969264500623,2
8272,-0.953981147867183,1
8273,0.459163784267842,2
8274,-0.589690702483591,2
8275,-1.40678671660781,2
8276,1.75519625666133,2
8277,-0.677023065282562,2
8278,-1.22049709022485,1
8279,-1.02409117303114,2
8280,3.78068100629039,3
8281,-1.99632720673016,2
8282,-2.68594233649374,1
8283,-3.29976249664627,1
8284,0.447020452653874,2
8285,3.07065808011156,3
8286,0.518684257567906,2
8287,-4.66794193658814,1
8288,-2.87965947317744,1
8289,-0.671403558254217,2
8290,6.03606614755932,3
8291,-1.77795578375836,2
8292,1.82290899159925,2
8293,-2.87003448398064,1
8294,-1.98124202765774,1
8295,-3.08893056745067,1
8296,-2.29821566462529,1
8297,-1.44674605812155,2
8298,2.18236421216344,3
8299,-3.7152421872228,1
8300,5.28571799151212,3
8301,-3.19035897759196,1
8302,-0.475621395338803,2
8303,3.95492325373676,3
8304,4.35139421911407,3
8305,-1.59594973228583,1
8306,5.31841504464163,3
8307,3.8912833703106,3
8308,5.25017739255138,3
8309,0.978228069525606,2
8310,0.250899225803122,2
8311,4.17473899538216,3
8312,-0.702651640434172,2
8313,0.502545254666909,2
8314,4.72682160255982,3
8315,-3.60451323033412,1
8316,4.87431716606732,3
8317,4.24520181551418,3
8318,2.95584591814686,3
8319,0.302697041617515,2
8320,-3.991396812531,1
8321,0.492647761120744,2
8322,-1.05550268160105,2
8323,-0.124268503812241,2
8324,-1.1313444996663,1
8325,1.59184109049033,2
8326,-3.33768064066732,1
8327,0.557947656995286,2
8328,-0.503738767197944,2
8329,-0.913005530683512,2
8330,-3.32468591149083,1
8331,0.945405729852455,2
8332,3.54707469514683,3
8333,-2.76425096758596,1
8334,-4.85557165391804,1
8335,0.593408907817607,2
8336,0.813197717806123,2
8337,-0.34575118336019,2
8338,0.293346436715331,2
8339,-2.78604202035774,1
8340,3.31659060999973,3
8341,2.88300350970184,3
8342,-1.75314656659443,2
8343,-0.122741393064011,2
8344,-2.78306365585562,1
8345,4.78298773881856,3
8346,2.60967794534966,3
8347,2.78007939312622,3
8348,-0.03683966376415,2
8349,3.61891990383542,3
8350,0.294941664948672,2
8351,0.56028484440506,2
8352,5.28051955049487,3
8353,-2.56169696298002,2
8354,-1.2179748564802,2
8355,-0.228406203687321,2
8356,4.17418837270124,3
8357,-0.929032489887539,2
8358,-2.11707725037417,1
8359,-0.00597734207346083,2
8360,1.83415571752355,2
8361,4.14407111894516,3
8362,-0.321394590505842,2
8363,-0.756056442753469,2
8364,1.03188963184648,2
8365,-2.92335633640549,1
8366,-2.19908566042694,1
8367,-4.34295751067967,1
8368,0.650113188667264,2
8369,6.12217419111576,3
8370,-1.30267428394953,2
8371,-0.316538046267265,2
8372,1.66243635837573,2
8373,0.787606043660786,2
8374,0.124398605835855,2
8375,-2.52288575462312,1
8376,0.493842855094217,2
8377,-1.02543755537228,2
8378,0.155188360208886,2
8379,-1.83895292448986,2
8380,2.82669621636715,3
8381,3.74348448127965,3
8382,-1.32565555519199,2
8383,-2.49973412758171,1
8384,-3.18984663767754,1
8385,2.15652982339948,2
8386,-2.7937059551569,1
8387,-1.43418566294154,1
8388,1.13232732088381,2
8389,1.43994877106216,2
8390,-3.2014581469715,1
8391,-0.144048750509615,2
8392,-2.81124689067017,1
8393,0.123993538996108,2
8394,-0.189051299337589,2
8395,-3.3459813391545,1
8396,4.44219092605734,3
8397,-2.43160146913047,1
8398,-2.79436993850346,1
8399,1.24299900805133,2
8400,4.00923235007481,3
8401,4.29512600915985,3
8402,6.39070819553544,3
8403,-2.20008539335888,1
8404,-2.51590061204748,1
8405,0.403620734272322,2
8406,-1.82549539989984,2
8407,-2.96178712294647,1
8408,0.179352063176733,2
8409,-3.60152194883809,1
8410,0.810478299570455,2
8411,-2.46912433684553,1
8412,-2.66931943974806,1
8413,-0.232507509578728,2
8414,-3.12908819139171,2
8415,-1.68160070977383,2
8416,2.50841530407998,3
8417,0.582757040099696,2
8418,-3.45033862392471,1
8419,2.82379304412965,3
8420,-5.25653485624939,1
8421,-2.37058663432074,2
8422,4.51100039529738,3
8423,0.333671031663867,2
8424,-4.61232868794999,1
8425,-0.539249664945891,2
8426,0.671853873401115,2
8427,2.38039616750496,3
8428,2.82729293434075,3
8429,-3.69453148407132,1
8430,0.406152075937239,2
8431,-1.98244136304791,1
8432,-4.02412879060491,1
8433,2.01752322047439,2
8434,-0.700697519970714,2
8435,-0.539922449848325,2
8436,0.194005755434863,2
8437,-2.0955645355503,1
8438,2.24416363039108,2
8439,-2.34880671841233,1
8440,0.201011150367191,2
8441,-2.58004839618577,1
8442,-4.35984070382139,1
8443,2.30836561211406,3
8444,-0.395955361635215,2
8445,4.31555138388863,3
8446,2.3119814587379,2
8447,3.86471400750213,3
8448,-4.26190046286905,1
8449,3.76006712376389,3
8450,0.711046522019671,2
8451,-2.05908538293546,2
8452,-1.15579864674893,2
8453,-4.85261682424173,1
8454,-1.22830319843021,2
8455,-3.24777386390241,1
8456,-4.02298384214794,1
8457,5.06180425143312,3
8458,-4.22974677471174,1
8459,-0.301907306658092,2
8460,-2.6047041299865,1
8461,2.73324587136395,3
8462,4.90537974194032,3
8463,1.48472599900393,2
8464,-0.635335873067093,2
8465,-2.57942581130185,1
8466,4.20276927432713,3
8467,-0.344776981722618,2
8468,4.38086999050826,3
8469,-4.56715009883224,1
8470,-2.81695203005606,1
8471,-2.23095775899909,1
8472,-2.4422690179454,1
8473,3.80944868211179,3
8474,1.51963782370557,2
8475,0.62485572972962,2
8476,-3.8915215743543,1
8477,-0.657919205370567,2
8478,1.76012293527462,3
8479,-1.04470603450754,1
8480,4.78397272742319,3
8481,-1.37352867429314,2
8482,4.48089235416108,3
8483,-0.851612042829978,2
8484,3.61531620951593,3
8485,-1.75357609133835,1
8486,4.89903853431476,3
8487,-2.85589533753781,1
8488,6.09133483327576,3
8489,-4.0358928844223,1
8490,-2.5246075682349,1
8491,-2.86596135463154,1
8492,1.37485903096621,2
8493,0.17098212263026,2
8494,0.07883273012598,2
8495,6.4589646194879,3
8496,2.52539837742407,3
8497,-2.11776543218198,1
8498,-0.121524925642922,2
8499,3.26735596657545,3
8500,-3.37014662436339,1
8501,4.12588320107442,3
8502,3.63288361044891,3
8503,-0.352180864911126,2
8504,0.820606953567625,2
8505,-2.50206700707061,1
8506,-3.34467586392006,1
8507,5.37827697306184,3
8508,5.83338563927545,3
8509,2.73141868676062,3
8510,-3.49372387428241,1
8511,4.57444553337872,3
8512,-3.67548229159207,1
8513,-1.93890474673826,1
8514,-0.506910722681421,2
8515,2.85731221417163,3
8516,-2.72255318296532,1
8517,-1.62284828656789,2
8518,4.1481825593599,3
8519,-0.0395195372513891,2
8520,-0.409756055441592,2
8521,6.04529432339423,3
8522,-0.0528913738717466,2
8523,0.692404334339715,2
8524,1.57459915171423,3
8525,-3.40060335519218,1
8526,1.47743008578332,2
8527,-3.06960183636038,1
8528,-0.174148350015402,2
8529,-1.48827676613971,2
8530,-0.747420182762966,2
8531,-1.62455888767576,1
8532,-0.535056473700789,2
8533,-0.0845909401382518,2
8534,1.0536729823113,2
8535,4.93493317777767,3
8536,-0.692515474185169,2
8537,1.22288074959827,2
8538,0.352631950240035,2
8539,3.1312926494168,3
8540,-0.831044034661487,1
8541,-2.33774570306536,1
8542,1.68460867330367,2
8543,4.35217811137143,3
8544,3.21378278589486,3
8545,3.1815260255682,3
8546,-0.45923842962147,2
8547,-4.38804904760206,1
8548,0.772565368613624,2
8549,-2.45083911681872,1
8550,3.83097589877788,3
8551,2.9015821866497,3
8552,-0.684422309402987,2
8553,-2.31167227773877,1
8554,2.70963154714776,3
8555,-2.02610958278953,2
8556,0.474748254024928,2
8557,5.17022276829348,3
8558,-0.817055357054789,2
8559,1.16305933920202,2
8560,-4.02362358887971,1
8561,1.25095003389709,2
8562,1.99878999045969,3
8563,0.677129117027189,2
8564,1.17944958556405,2
8565,-0.0363299297187298,2
8566,5.05022926564705,3
8567,-4.4128135356317,1
8568,-3.11945260663066,1
8569,0.618905974167327,2
8570,3.5031420301058,3
8571,-3.40371031796203,1
8572,4.76697427477335,3
8573,4.30456503063014,3
8574,-3.18533228968386,1
8575,-2.44298777481198,1
8576,1.64524887359788,2
8577,4.94711714495657,3
8578,5.91413993932556,3
8579,-2.4289911521859,1
8580,0.190932085796145,2
8581,-4.45082431349063,1
8582,0.0204776647071165,2
8583,3.5835885328795,3
8584,-0.967837023816664,2
8585,-0.264725626098451,2
8586,-0.59214062739422,2
8587,-0.275143450971411,2
8588,0.591190651472621,2
8589,1.4004443032093,2
8590,4.9202432009652,3
8591,0.35428968907761,2
8592,0.698620225191373,2
8593,-2.88837950180279,1
8594,4.2304093863665,3
8595,-0.941603766118093,2
8596,0.53259812823823,2
8597,-1.88275450185253,2
8598,-1.16554781579066,2
8599,1.02372136134139,2
8600,-0.14031375201881,2
8601,-0.174945594445712,2
8602,-2.54719755757944,1
8603,-0.830233284077037,2
8604,-3.55928699527762,1
8605,0.507799265824038,2
8606,-0.973247350475229,2
8607,-0.151614769827921,2
8608,0.0267545458181078,2
8609,-4.10832791181816,1
8610,4.5636014027493,3
8611,-2.55559970307742,1
8612,-0.758346497140262,2
8613,1.28897849816186,2
8614,-0.802166501068598,2
8615,4.84024305502205,3
8616,-2.56471105109232,1
8617,0.615771024583157,2
8618,5.92527954101694,3
8619,0.432113401706453,2
8620,-0.444030506514711,2
8621,-2.63588531264494,1
8622,3.73253829195665,3
8623,-0.0550219977069135,2
8624,-2.71065597118266,1
8625,0.247672409336777,2
8626,3.79347019111479,3
8627,-3.61961505270735,1
8628,5.11784189633082,3
8629,0.696725381553881,2
8630,-3.33870198366431,1
8631,0.208349483346783,2
8632,4.36937855780432,3
8633,4.77242327050274,3
8634,-1.2658096567921,2
8635,-0.78209886700799,2
8636,-0.790091466643967,2
8637,5.02462607803102,3
8638,-4.4438931609718,1
8639,3.7667873369145,3
8640,-3.71846622131926,1
8641,0.671559277515228,2
8642,-0.992955765989436,2
8643,-4.41856694283561,1
8644,1.06539199491243,2
8645,5.54586239576362,3
8646,-0.176608452534943,2
8647,-1.33400910001258,1
8648,-0.250715913133474,2
8649,3.69401673290736,3
8650,3.70508707590522,3
8651,5.40177629587353,3
8652,2.34537993067925,2
8653,-5.3359473318599,1
8654,0.421122276651071,2
8655,6.33326805168243,3
8656,6.01610944062522,3
8657,2.81275037378566,3
8658,-1.55545187835766,2
8659,0.522720628103725,2
8660,0.95950047987295,2
8661,-4.16961526041411,1
8662,0.505667226698908,2
8663,-0.522759807635191,2
8664,-0.143470359568202,2
8665,-2.73308174912694,1
8666,0.69011247269733,2
8667,-0.273694360157122,2
8668,0.863510790207517,2
8669,0.75926864129989,2
8670,-4.09321743652488,1
8671,-0.441200580779908,2
8672,-1.87433239477925,1
8673,1.04532279459033,2
8674,-1.50317829037198,1
8675,1.36723917292648,2
8676,1.53051861226007,2
8677,-4.40078743399573,1
8678,3.2103259024331,3
8679,3.18873671291148,3
8680,0.213093639533192,2
8681,-1.37831533813473,2
8682,-0.201678825773981,2
8683,-2.14321452622189,1
8684,4.2524557851208,3
8685,2.8897223633079,3
8686,3.92159680019043,3
8687,-0.710800295204202,2
8688,-1.101735412602,2
8689,-1.72342131853234,1
8690,-2.14814359670733,1
8691,1.1205690307062,2
8692,0.500733127839078,2
8693,-2.20386847858085,2
8694,-2.51267087678472,1
8695,1.40956455320645,2
8696,0.927508823680672,2
8697,0.523183759821837,2
8698,-0.639619829898748,2
8699,-0.29538676478111,2
8700,-0.727835428176207,2
8701,3.97366204484801,3
8702,3.96464802434649,3
8703,-0.293386742786612,2
8704,0.326966861093077,2
8705,3.9609182659702,3
8706,-4.32815619805706,1
8707,0.961930078148629,2
8708,-4.26539635156826,1
8709,1.79749354722426,2
8710,-3.26267050336178,1
8711,4.1830096800017,3
8712,-0.775319743901906,2
8713,2.45255970636493,3
8714,4.1939040357493,3
8715,2.09051665949084,3
8716,5.06394006224042,3
8717,-3.589481038515,1
8718,3.64178025208748,3
8719,-2.28729667475572,1
8720,-0.0889101522186457,2
8721,0.343609622634679,2
8722,-0.456577687018755,2
8723,0.791572694963362,2
8724,-2.48059279605654,1
8725,6.3136823981718,3
8726,-1.3124105170543,1
8727,-0.323864733560642,2
8728,-0.422131686590925,2
8729,3.9401117133356,3
8730,3.74582520100962,3
8731,0.838737527755983,2
8732,0.954239385650312,2
8733,-3.3396261562249,1
8734,4.13018963972888,3
8735,3.8114831166549,3
8736,-2.20239934241048,1
8737,-2.82460392135115,1
8738,-1.05568097477355,2
8739,-3.05459865536038,1
8740,-3.29015911980567,1
8741,6.45669883347514,3
8742,0.0175966291792284,2
8743,-2.08522672914437,1
8744,-2.50861677713022,1
8745,0.0136732767186403,2
8746,0.27328335419751,2
8747,3.9878098235407,3
8748,-3.37440242565203,1
8749,2.44580162134326,3
8750,2.13425460540829,2
8751,-1.48276130575666,2
8752,0.74047345310968,2
8753,-2.49413850116949,1
8754,-4.36403745208238,1
8755,-3.10097488532881,1
8756,3.45329153676965,3
8757,5.32718964729678,3
8758,-0.038877583834506,2
8759,0.910026353420563,2
8760,-0.66613948273847,2
8761,-1.61948250661064,1
8762,-1.18622500956318,2
8763,0.892725899985323,2
8764,-1.96787201512661,1
8765,4.3116930571071,3
8766,0.345075406845387,2
8767,0.518119835350654,2
8768,3.57947048676829,3
8769,0.387628403916459,2
8770,-0.582122130085705,2
8771,-3.11363989550614,1
8772,1.31128160759596,2
8773,1.39937560676313,2
8774,0.478360104866217,2
8775,0.144383470867056,2
8776,0.493898085741881,2
8777,-2.94987178428323,2
8778,0.440311891829922,2
8779,-1.80968935491448,1
8780,4.46987616875749,3
8781,5.4497539900231,3
8782,-0.423679975612137,2
8783,-0.313185666444505,2
8784,5.63244336784396,3
8785,-0.704514526288929,2
8786,-1.53821408482352,1
8787,1.21633413359474,2
8788,-2.60502932229398,1
8789,-3.76841702701516,1
8790,-2.45680594076791,1
8791,3.71772817483925,3
8792,3.27620340718852,3
8793,-2.34395505497452,1
8794,3.26548411249442,3
8795,-2.22189330206433,1
8796,-0.41294127515641,2
8797,3.57617149014631,3
8798,2.71185893888958,3
8799,-1.54003405526421,1
8800,6.79615221495129,3
8801,-2.04099462221217,1
8802,3.5554607733387,3
8803,-2.34520541713035,1
8804,-0.872786447506474,1
8805,0.980495074810237,2
8806,-2.70564661156303,1
8807,1.06803589634442,2
8808,-2.79037072212845,1
8809,3.07610000400042,3
8810,1.4300462586911,3
8811,0.668860732126122,2
8812,-0.780451694935574,2
8813,4.12484080399135,3
8814,-0.454516417334737,2
8815,-0.850418042257596,2
8816,0.580156856563299,2
8817,1.88311843811756,3
8818,-3.73285380629713,1
8819,4.62496539626562,3
8820,-4.4617555849959,1
8821,-2.11488754494232,1
8822,-3.69816663462007,1
8823,-0.699961879182035,2
8824,1.45390062123435,2
8825,3.31148763170639,3
8826,4.72120920848156,3
8827,-1.47913745549668,2
8828,3.67709662109277,3
8829,-3.00763687041997,1
8830,-4.25142446891953,1
8831,0.648003818354912,2
8832,-2.78546117337078,1
8833,-0.996601590144277,2
8834,3.65108351516372,3
8835,-0.447634538850182,2
8836,-2.01029779187063,1
8837,-2.75027426401481,1
8838,2.64930922985159,3
8839,0.316984562457902,2
8840,-2.44189670605122,1
8841,1.79406719994437,2
8842,-3.06038655412096,1
8843,-3.07355601913648,1
8844,4.14872020423906,3
8845,0.351892765401576,2
8846,-2.1783553060946,2
8847,-0.327858920450055,2
8848,0.58444783087156,2
8849,0.541030164477047,2
8850,-1.62472469528751,1
8851,1.21069157198561,2
8852,0.634728634060444,2
8853,-0.593169037912431,2
8854,2.903058002145,3
8855,-0.132324803001531,2
8856,-1.22214879072262,2
8857,-2.64018617294264,1
8858,-4.28703047603518,1
8859,-1.63951326628816,2
8860,3.56830119341544,3
8861,3.06675873732018,3
8862,-2.15030410891739,1
8863,0.0788285553783438,2
8864,-1.29899642539878,2
8865,-0.464882764513658,2
8866,4.63677858369658,3
8867,-0.0080054312303214,2
8868,-1.38263282305576,2
8869,0.0543192874307289,2
8870,1.63136643986826,2
8871,7.06750081588881,3
8872,1.08720419757735,2
8873,0.940523613128399,2
8874,4.54200382583397,3
8875,1.19882598973803,2
8876,5.09860616564195,3
8877,1.50069989990355,2
8878,2.97745032165131,3
8879,5.47772473882889,3
8880,-0.138688592191735,2
8881,3.36845058991608,3
8882,-0.467075231215858,2
8883,2.98278572477389,3
8884,-2.85660626902006,1
8885,5.37284391721474,3
8886,-2.62675856583359,1
8887,-0.768887741449215,2
8888,3.6021473793311,3
8889,0.113145255522151,2
8890,-0.302558551826962,2
8891,0.368604635711658,2
8892,4.88630685322715,3
8893,4.72128378138419,3
8894,2.37772781695755,2
8895,-1.60873843468627,2
8896,5.324752381568,3
8897,3.70465928247635,3
8898,-0.00773183144031521,2
8899,5.88069370446266,3
8900,1.19012428295469,2
8901,4.59543570265294,3
8902,-2.34448637435628,2
8903,-0.548234524405783,2
8904,-0.729108845461425,2
8905,1.43711638554505,3
8906,0.0757323802746318,2
8907,-4.31822072745909,1
8908,3.68317231108089,3
8909,-0.361104383878549,2
8910,-0.0686352590528387,2
8911,3.23510524253818,3
8912,0.631216956640548,2
8913,3.03062797462439,3
8914,-3.8281742703968,1
8915,-1.43095845286738,2
8916,-3.29056788616509,1
8917,0.155990601900036,2
8918,-0.762132555077574,2
8919,1.1442586560686,2
8920,2.79038322521417,3
8921,-2.18672111037076,1
8922,-2.66045634009509,1
8923,0.488398385701636,2
8924,-1.0977902286007,1
8925,-2.56347652108982,1
8926,0.321903702210027,2
8927,-1.98792965924152,1
8928,1.33204012251754,2
8929,-3.59299736565532,1
8930,-3.13496764866222,1
8931,-1.2809581861482,1
8932,6.13113878154731,3
8933,-0.31176653668682,2
8934,-3.30459092314661,1
8935,-3.55764362731844,1
8936,-2.08400794205979,1
8937,0.593445686826744,2
8938,3.02054422057307,3
8939,-3.37066003179241,1
8940,2.32759188427814,2
8941,-0.261326989914513,2
8942,0.980378794904776,2
8943,-0.494334531346305,2
8944,0.532509859469493,3
8945,5.41517118631539,3
8946,-0.155301426683517,2
8947,-3.18520216940099,1
8948,4.39165171417086,3
8949,3.40584766561419,3
8950,-3.48987045313847,1
8951,4.48120767196216,3
8952,-3.35204645658262,1
8953,5.69609897184861,3
8954,6.79522292316182,3
8955,-2.573979513321,1
8956,-2.19649538110396,2
8957,0.0800248847271412,2
8958,-0.0315592041167918,2
8959,-0.0464116058438771,2
8960,-4.07057053489039,1
8961,3.05884147854341,3
8962,4.29830652078778,3
8963,3.92155841999292,3
8964,-1.03077397230637,2
8965,-0.457625390723158,2
8966,-0.970334665270285,2
8967,4.8998146748615,3
8968,2.88607143514584,3
8969,4.79970742244504,3
8970,1.75961293587004,2
8971,-3.42222700318962,1
8972,-1.34524456676964,2
8973,-4.02554224849711,1
8974,3.59632581140574,3
8975,-0.949915314372856,1
8976,3.04449006280659,3
8977,-2.46375718164197,1
8978,0.237677214798051,2
8979,0.10188808363953,2
8980,0.258885176649788,2
8981,3.3683083544839,3
8982,-0.297869271266027,2
8983,-1.01757868492357,2
8984,2.92016886874109,3
8985,-3.15829402869994,1
8986,0.645640766250999,2
8987,-1.8920049590204,1
8988,0.0453178784831703,2
8989,-3.11977403121588,1
8990,-3.27226753441835,1
8991,1.25495609521765,2
8992,-0.480849572450868,2
8993,-0.780501608586493,2
8994,-1.12710117964319,2
8995,-0.249282077814207,2
8996,1.03720074533958,2
8997,0.412780797052548,2
8998,1.12971200930182,2
8999,-4.36470945798691,1
9000,2.68361745826372,3
9001,-3.47852821045031,1
9002,6.63896450180085,3
9003,1.03446706476585,2
9004,-1.09986366510528,1
9005,-4.56374070756789,1
9006,1.74588497893553,2
9007,-2.77238506005991,1
9008,0.960255353783174,2
9009,-3.49388310084524,1
9010,-2.89914133438957,1
9011,1.12457483752911,2
9012,-3.56047564655221,1
9013,-3.6930946140106,1
9014,3.47003957377128,3
9015,-0.994963863286208,2
9016,4.35603472639937,3
9017,4.31216285659173,3
9018,0.532223347384848,2
9019,-0.231328117024349,2
9020,-2.70732088158305,1
9021,-2.37796676412894,1
9022,2.74132886222794,3
9023,4.82436043127328,3
9024,2.72414390931083,3
9025,-3.55022374148914,1
9026,-1.22479236693125,2
9027,0.743183126429956,2
9028,0.218127441659153,2
9029,2.89229424379642,3
9030,1.16812642718924,2
9031,0.15895716488783,2
9032,0.84701928165966,2
9033,-3.01104582980937,1
9034,-2.50969735732793,1
9035,-0.246389111883029,2
9036,-0.622302116573955,2
9037,-1.36643157859169,1
9038,5.88144611621784,3
9039,2.98809044136325,3
9040,4.45654288533316,3
9041,-3.55187041327279,1
9042,-1.66597788151423,2
9043,5.94717122293365,3
9044,5.59922391528695,3
9045,-2.826638497144,1
9046,-2.55970105803459,1
9047,-3.13613687218496,1
9048,2.59949170568404,2
9049,0.730613939460249,2
9050,-2.36533381504662,2
9051,0.388143801506102,2
9052,-5.16893467443595,1
9053,-2.62885204024034,1
9054,-1.3632426508345,1
9055,-2.28482159288894,1
9056,-1.17883417284646,2
9057,-0.501391057936759,2
9058,0.108759073688381,2
9059,1.39053798682574,2
9060,0.185534561177573,2
9061,0.364213066363244,2
9062,0.837035825524316,2
9063,-2.34650423430572,1
9064,3.01003687501723,3
9065,3.68355097445042,3
9066,0.0981120890176681,2
9067,-0.184268914374016,2
9068,-3.79261165075768,1
9069,4.99989762017126,3
9070,3.57354645030833,3
9071,3.62047527863848,3
9072,0.0670106043901452,2
9073,3.96223899208356,3
9074,2.60643242222738,3
9075,-3.2952717091371,1
9076,-0.421548024007117,2
9077,3.86703169840952,3
9078,-1.50199031448905,1
9079,3.36519618169135,3
9080,-0.362426925315183,2
9081,-1.00994800667889,2
9082,-3.37560287166977,1
9083,0.455763594182798,2
9084,4.0623769123232,3
9085,0.146584016803509,2
9086,3.86350607283907,3
9087,-4.07179122647558,1
9088,-2.93076467345426,1
9089,-1.39064409398918,2
9090,5.20310842125094,3
9091,0.0530125522622219,2
9092,-0.472466103539983,2
9093,4.79566955123946,3
9094,0.0627806044708449,2
9095,-3.31896262373822,1
9096,1.13737163177908,2
9097,2.20977517791002,2
9098,-0.000342472147151789,2
9099,0.471270768091317,2
9100,3.90851167558344,3
9101,5.11578511514163,3
9102,0.134274228321053,2
9103,3.19782945435348,3
9104,-3.98953220228888,1
9105,-1.23200347970807,2
9106,-2.18659962592094,1
9107,5.12981678378371,3
9108,-5.14489702427566,1
9109,1.7952032108663,2
9110,4.62830326963345,3
9111,5.11627133832025,3
9112,0.804032290142514,2
9113,-0.499596898078723,2
9114,4.21735961339094,3
9115,-0.653641910106926,2
9116,0.353948999694979,2
9117,-3.83418823158438,1
9118,-2.02323110391136,2
9119,-0.428541854133363,1
9120,0.606569514039166,2
9121,-2.14307698910068,1
9122,-0.362979582071462,2
9123,0.608785792743953,2
9124,-1.0102780365949,2
9125,0.447906057854475,2
9126,-2.70040631526044,1
9127,-3.35998224068261,1
9128,-0.72283146044824,2
9129,-3.23824869590283,1
9130,1.01206499539579,2
9131,4.32707386968267,3
9132,-3.65456863811325,1
9133,-1.15852700589699,2
9134,-4.54044240529001,1
9135,3.91066357319068,3
9136,0.177304050453375,2
9137,0.486997818356882,2
9138,2.59078336623481,3
9139,2.84082924359186,3
9140,4.32638808648427,3
9141,0.857132090315397,2
9142,1.53571787982434,2
9143,-0.847301808931937,2
9144,-4.79813255637493,1
9145,3.68753828713756,3
9146,0.215958394156016,2
9147,5.32213601549527,3
9148,0.560611806017342,2
9149,5.58880322390604,3
9150,-1.75745545006646,2
9151,-1.90307697710446,2
9152,-0.532006993707046,2
9153,0.562471102501748,2
9154,-0.909335306190533,2
9155,4.61568163255062,3
9156,-0.776007105490692,2
9157,-0.013960339227483,2
9158,4.92608765431636,3
9159,1.28480081505999,2
9160,0.154898225663518,2
9161,-1.91601821802967,2
9162,-1.58001110881281,2
9163,1.41211395332358,2
9164,-0.488652300491905,2
9165,2.23199711011046,2
9166,5.0454890507708,3
9167,-4.16809162211733,1
9168,-3.2491906777554,1
9169,-0.975476335713031,2
9170,4.48586452722185,3
9171,-2.69095335455318,1
9172,1.39044430779123,2
9173,-0.375340288323561,2
9174,0.999695919546675,2
9175,-5.06371425739842,1
9176,-3.45364637405701,1
9177,2.35196052485637,3
9178,-0.91386627420982,2
9179,0.75361765272448,2
9180,3.3401119764215,3
9181,-1.70693051397566,1
9182,-3.72160444043602,1
9183,-2.42512711599752,1
9184,0.888734457216717,2
9185,-0.0352199893647191,2
9186,-3.67850314541844,1
9187,-0.0610519410969586,2
9188,3.89818958443031,3
9189,1.5948859846481,2
9190,-0.566591093897041,2
9191,0.630457130487062,2
9192,3.20658624675058,3
9193,4.13788634038949,3
9194,4.21277097538914,3
9195,-0.655838098813589,2
9196,-1.02688393836773,2
9197,-2.2587226228286,1
9198,-1.37711481886832,1
9199,-0.897543254705905,2
9200,-3.44116321690529,1
9201,-2.37663909809974,1
9202,0.652347233454389,2
9203,1.2023016768504,2
9204,-2.24640056940028,2
9205,3.77031265469996,3
9206,0.0166670363461385,2
9207,4.7991102395814,3
9208,-2.5229627617153,1
9209,0.877530983969036,2
9210,0.808753043765921,2
9211,-1.28769502268072,1
9212,-0.680450203122763,2
9213,2.18417322839228,2
9214,-2.47458755173364,1
9215,0.252268328862678,2
9216,1.7132325796157,2
9217,5.83770151297992,3
9218,1.12770217136719,2
9219,-0.959330253589293,2
9220,1.46091767161603,2
9221,5.04457746532007,3
9222,0.174485077417376,2
9223,-2.45160304049193,1
9224,3.63973558825847,3
9225,2.49793642720377,3
9226,-0.19097574869508,2
9227,-1.19840856257805,2
9228,0.52464440269118,2
9229,3.04918538684604,3
9230,0.979682304928802,2
9231,-1.06062421894714,2
9232,0.469982917167659,2
9233,4.50353453675792,3
9234,-3.21421153418308,1
9235,-2.87928067071297,1
9236,-2.15369216277703,1
9237,1.07547944244412,2
9238,0.954899796988468,2
9239,0.634769334875039,2
9240,4.60503255413826,3
9241,-1.59511082920805,2
9242,3.46399594104847,3
9243,0.898549683127699,2
9244,-2.61217975523118,1
9245,-0.741781006315799,2
9246,4.74661280154256,3
9247,4.98992527895765,3
9248,-0.494905476776135,2
9249,-0.126638161398654,2
9250,-4.4335621799108,1
9251,4.79959120831899,3
9252,-1.26843989879875,2
9253,-3.09548759044499,1
9254,-0.0782464873219648,2
9255,-0.258780758988273,2
9256,-0.51392984207348,2
9257,-0.602236288764586,2
9258,0.641986692206216,2
9259,0.637357198884172,2
9260,1.20037462254049,2
9261,0.573994104339189,2
9262,-3.44593502721216,1
9263,0.746201526735843,2
9264,0.907591768209854,2
9265,-2.07799243134481,2
9266,0.574312736347461,2
9267,-0.894728381387209,2
9268,3.68430066229965,3
9269,-3.72306596993987,1
9270,0.953767761271997,2
9271,3.83719623228068,3
9272,0.335131017104748,2
9273,-1.35290184950346,2
9274,0.376423588722638,2
9275,-0.734866705641252,2
9276,-5.00545781823625,1
9277,2.93639282070437,3
9278,3.85078605344563,3
9279,2.58563232144377,3
9280,-0.980503349151853,2
9281,-1.14546193848128,2
9282,0.476799443153048,2
9283,-0.502841451950738,2
9284,4.79381538922731,3
9285,1.08867161825065,2
9286,-0.793507485143925,2
9287,4.35256357084883,3
9288,-3.28584542359138,1
9289,0.194556414446477,2
9290,-2.74161388015182,2
9291,0.571722040589605,2
9292,-3.78153648705475,1
9293,4.65609301432348,3
9294,-0.248326516397447,2
9295,-0.151085950935197,2
9296,0.56358707830839,2
9297,-1.08168674572358,2
9298,-1.88972290336118,1
9299,4.7020363386647,3
9300,-1.95217307352174,1
9301,0.250921910489007,2
9302,4.14760474480579,3
9303,-4.03116449189746,1
9304,-3.69341466327618,1
9305,-1.79623981939231,2
9306,-2.8963619957717,1
9307,3.47807750227886,3
9308,-0.842351247454087,2
9309,-0.275913323896434,2
9310,-1.70591609385442,1
9311,-3.46869977978209,1
9312,0.109171617679726,2
9313,-4.35799783095348,1
9314,-1.11482614497505,2
9315,3.74191564730043,3
9316,-0.752410526194919,2
9317,-0.388291523709448,2
9318,-1.92569377349633,2
9319,-1.54890311450311,2
9320,-0.819797433180351,2
9321,-1.72492124772187,2
9322,4.89109737703337,3
9323,3.52976960602725,3
9324,-0.617535389141602,2
9325,-1.23797909655713,1
9326,1.50322016392463,2
9327,-0.205238018545711,2
9328,-3.15103157905204,1
9329,4.90954989215823,3
9330,-4.06381135183874,1
9331,-0.0271168017233772,2
9332,-0.793424833520022,2
9333,5.68459299015518,3
9334,3.9147894370115,3
9335,1.06762924035012,2
9336,3.3862798427362,3
9337,0.58319774918996,2
9338,2.43023777096904,3
9339,-0.827844692804802,2
9340,1.23508549762175,2
9341,-0.376265157965668,2
9342,-3.13861501946089,1
9343,-0.0595924608676152,2
9344,5.2465489558355,3
9345,0.0469274542718289,2
9346,1.9871488081498,2
9347,3.63956187184167,3
9348,4.89051615163544,3
9349,0.722604398667227,2
9350,0.12982106876817,2
9351,-0.501982169603514,2
9352,4.92687255910542,3
9353,1.11319335478242,2
9354,0.787040338989375,2
9355,1.1069684984941,2
9356,0.701140119543594,2
9357,-0.478588320720279,2
9358,4.25786882219952,3
9359,-1.70618749954248,2
9360,-1.54755722071225,2
9361,0.807143831935644,2
9362,-0.995564403263049,2
9363,3.10916510681784,3
9364,-0.0527015529236533,2
9365,-3.4286158450837,1
9366,-1.40944081364363,2
9367,5.20300826038635,3
9368,3.94325606448055,3
9369,-2.08879032322868,1
9370,-0.307466456765344,2
9371,-0.874420233037785,2
9372,-2.01788699747736,1
9373,-3.49055744370067,1
9374,4.53916212876249,3
9375,0.822990237351172,2
9376,2.88458675192836,3
9377,-0.0803500691057765,2
9378,0.03543456559178,2
9379,-3.08997519701566,1
9380,4.89087286994712,3
9381,-2.01094207980361,1
9382,5.11822295318091,3
9383,0.343170309743907,2
9384,-0.701845828410341,2
9385,-0.459219901074889,2
9386,1.0078264999656,2
9387,-3.2796299069806,1
9388,4.03051673124131,3
9389,-2.12186651246696,1
9390,2.54290445686211,2
9391,4.5984402122307,3
9392,-1.70894706616893,2
9393,3.40982157912896,3
9394,0.925972690696732,2
9395,2.03888373363088,3
9396,-2.57353577852319,1
9397,-1.82483093838315,2
9398,-1.22676136807243,1
9399,3.18724823966302,3
9400,-1.15252941902685,2
9401,3.7251652474233,3
9402,0.547558010896929,2
9403,5.6722051022509,3
9404,-0.0726547183281847,2
9405,-0.610451747721243,2
9406,-2.12390389040409,1
9407,3.86291411372924,3
9408,-1.48325220728214,2
9409,0.889500197272317,2
9410,1.79671185562111,2
9411,-3.57397347929799,1
9412,0.1105373040221,2
9413,-1.04182477574096,2
9414,0.685444668607466,2
9415,-0.64489251592825,2
9416,1.33035103673469,2
9417,-2.66916077858575,1
9418,0.642383067114167,2
9419,-3.82098669712,1
9420,-3.55721548194161,1
9421,-1.78077235295693,1
9422,5.81189244087244,3
9423,-2.21556175471999,1
9424,-0.762261487874152,2
9425,5.21885322017479,3
9426,1.65182870430573,2
9427,0.466623055006779,2
9428,-0.3076327232952,2
9429,1.2742216233878,2
9430,-1.40343255381246,2
9431,-2.89908014098714,1
9432,-1.28932068916416,2
9433,-4.17951862914156,1
9434,0.935340589208178,2
9435,1.81414609935703,2
9436,1.39392544527667,2
9437,-2.03273273983209,1
9438,-3.10971032117624,1
9439,3.58218999957915,3
9440,-3.04887676797366,1
9441,0.722656926345969,2
9442,0.600030538978784,2
9443,0.136823618948169,2
9444,4.73576755631404,3
9445,0.844733113514993,2
9446,-0.240785063614367,2
9447,-2.40805399660279,1
9448,1.45462253339102,2
9449,-0.982083465583142,2
9450,2.92890073765466,2
9451,-0.0584092798451659,2
9452,0.025659213079887,2
9453,4.21586841920966,3
9454,0.495845057791496,2
9455,-3.1313071124627,1
9456,3.04253277616948,3
9457,1.01884847499035,2
9458,0.260900204202877,2
9459,2.02547806357253,3
9460,2.00767401732439,2
9461,-0.809248936707142,2
9462,-2.28515164405066,1
9463,-1.0106408939135,2
9464,4.32998787710524,3
9465,1.96627043904844,3
9466,-2.52692025177042,2
9467,-1.14609504368999,2
9468,-3.82701455619043,1
9469,2.87203839485559,3
9470,4.01041761637106,3
9471,4.10830658235039,3
9472,3.27833378316447,3
9473,1.27845501649895,2
9474,-3.3054696399098,1
9475,-3.52111731755252,1
9476,3.52390434148122,3
9477,1.17066727472609,2
9478,-0.672536690409532,2
9479,2.20402585256785,3
9480,-2.07549704612431,2
9481,-4.04929735235275,1
9482,-3.7822018456194,1
9483,-2.92373559486131,1
9484,-1.62921830722764,2
9485,-3.70632149238822,1
9486,0.602189813520256,2
9487,-2.32925346285753,2
9488,0.318518880351254,2
9489,4.45700259706259,3
9490,-2.72402098861745,1
9491,-0.953562424466381,2
9492,3.82346728247267,3
9493,-1.92088504995097,2
9494,4.25847690857849,3
9495,4.48921370081933,3
9496,0.427069127739095,2
9497,0.848284366708695,2
9498,0.49119909789118,2
9499,-0.35797228180566,2
9500,-3.35085361504686,1
9501,-1.36602541858539,2
9502,3.35875724575358,3
9503,-0.427968097911214,2
9504,5.04504549464797,3
9505,-1.71871387349554,1
9506,3.46217145974841,3
9507,3.27484236622645,3
9508,-2.05910075684645,1
9509,-0.309267177170206,2
9510,-3.75719862267983,1
9511,4.57790657412833,3
9512,0.0634116980727395,2
9513,0.078726292442996,2
9514,-0.100002827108791,2
9515,0.0548111938749371,2
9516,0.440723940671675,2
9517,1.30181266697034,2
9518,-3.26565162527822,1
9519,5.21588131541271,3
9520,-0.780618213906196,2
9521,2.81838731971178,3
9522,-1.60707158045143,2
9523,0.12835196484847,2
9524,0.92823300523863,2
9525,0.707469331514634,2
9526,0.333676634814215,2
9527,-1.23052423256499,2
9528,-0.345333580288122,2
9529,0.721696856710964,2
9530,-1.64807616548373,2
9531,3.21498424952067,3
9532,-3.07037692158783,1
9533,4.34502313809593,3
9534,-3.04335276849375,1
9535,4.77343442462608,3
9536,-3.74325614142925,1
9537,-1.06905180450069,2
9538,1.14140004741598,2
9539,4.37614918055399,3
9540,0.592950917859602,2
9541,-1.05513659065903,2
9542,4.75794671939275,3
9543,-0.447041192021587,2
9544,-2.85006125271896,1
9545,0.742200100646031,2
9546,2.65838260554694,3
9547,0.437213652427763,2
9548,-4.22898617755381,1
9549,-3.00750278370972,1
9550,1.01214376625149,2
9551,3.00030128501584,3
9552,-0.466765303532686,2
9553,-3.13833632854333,1
9554,5.35685169078362,3
9555,3.04648261032836,3
9556,1.11706337928647,2
9557,-1.55491383941194,2
9558,-0.0643819052069338,2
9559,0.562233812465,2
9560,0.318479885539619,2
9561,3.37784307093213,3
9562,0.851778688270516,2
9563,2.55378565922578,3
9564,-3.07767320061056,1
9565,-4.222380910859,1
9566,1.90225048050644,2
9567,2.90304535931889,3
9568,5.74346763310756,3
9569,5.41412060923193,3
9570,-0.639834830368802,2
9571,0.0531929269048023,2
9572,0.822325056303155,2
9573,-0.00324293186600494,2
9574,4.63590565706979,3
9575,4.54479271746894,3
9576,-1.8362133962541,1
9577,-4.13662618777767,1
9578,0.179496176715821,2
9579,-1.79203800169501,1
9580,-0.784540661183284,2
9581,-0.821920819330948,2
9582,0.304992512785018,2
9583,2.63202738547317,3
9584,0.558693499080777,2
9585,-0.0597345451908579,2
9586,-2.48990207177151,1
9587,-1.89609645076539,2
9588,-0.894901677513419,2
9589,-3.87307100041746,1
9590,-2.6999614547942,1
9591,-0.773066921989977,2
9592,0.620238400325893,2
9593,0.601374805102868,2
9594,0.928616831247081,2
9595,2.1695257924131,2
9596,4.62080922392487,3
9597,-0.0922300081017977,2
9598,-0.915272823520527,2
9599,-1.56009578379087,2
9600,-2.38607703580631,1
9601,-0.103887511234988,2
9602,0.0823008277314867,2
9603,-2.09244829398215,1
9604,-2.31569057058354,1
9605,-0.262894843235988,2
9606,0.269124301191455,2
9607,-0.184526498264729,2
9608,-1.16420771092819,2
9609,-3.55584113475408,1
9610,0.410310613259374,2
9611,1.13239345345274,2
9612,-0.719146277753351,2
9613,0.475527499245612,2
9614,0.288169818251616,2
9615,5.42907164060281,3
9616,-4.65104889568819,1
9617,1.08887996710566,2
9618,4.22122659843501,3
9619,4.68134526314911,3
9620,-0.214611972064497,2
9621,-0.184007671076338,2
9622,3.66912477739934,3
9623,4.3277534197981,3
9624,-0.430168767896826,2
9625,0.299645255805759,2
9626,0.288753601819581,2
9627,-1.19921192196747,2
9628,2.54348428024099,3
9629,3.84630989117324,3
9630,-4.32432071149579,1
9631,-0.208711655187107,2
9632,-0.727277841774519,2
9633,-0.20842510763321,2
9634,-0.0109436319889317,2
9635,-4.33877428723497,1
9636,-4.27121697156009,1
9637,-5.60169967025765,1
9638,-0.934275894673734,2
9639,-1.54656060462082,2
9640,0.0508606797200874,2
9641,0.675957695557538,2
9642,-2.77412077818238,1
9643,-0.486200731941719,2
9644,-3.33154575820085,1
9645,-0.213887080390025,2
9646,-1.83161612693091,1
9647,-2.1542684598107,1
9648,-0.405540381007554,2
9649,-0.76021714261813,2
9650,3.79662748333516,3
9651,4.3082526333852,3
9652,5.32965790105899,3
9653,2.17387836696255,2
9654,-1.622324153194,1
9655,-3.70100361225327,1
9656,0.0537076840986283,2
9657,5.30133671890066,3
9658,-4.00563625951084,1
9659,-2.05220601928314,1
9660,4.65179294501051,3
9661,2.76390321516666,3
9662,-0.957402357649547,2
9663,-0.707909530538924,2
9664,5.21939120301322,3
9665,3.34848197818058,3
9666,-0.186656775348593,2
9667,3.7884575898989,3
9668,-2.61857417054865,1
9669,0.037241061093232,2
9670,1.29802839581992,2
9671,0.470278062186915,2
9672,-2.20555688955753,2
9673,4.48219106363315,3
9674,-0.43134785692501,2
9675,1.1336902950402,2
9676,-3.80052754548426,1
9677,0.127827928639979,2
9678,0.422608450965959,2
9679,1.50340582686359,2
9680,0.461004079383783,2
9681,-2.85754156795421,1
9682,4.83289463599959,3
9683,1.95433163005053,3
9684,1.11030898866863,2
9685,-0.513157982499118,2
9686,-3.60862161843413,1
9687,-0.370331045729754,2
9688,0.13964252633843,2
9689,-0.445505642122027,2
9690,4.97602105146384,3
9691,-1.00704012536731,2
9692,4.46338558208864,3
9693,2.19067505966995,2
9694,-0.247917301381174,2
9695,-0.18966487420983,2
9696,-0.338345892460005,2
9697,-1.39101698281623,2
9698,4.21211055310633,3
9699,3.1128043739498,3
9700,-0.937292247176689,2
9701,-1.52568620028401,1
9702,-2.57213351239035,1
9703,-0.825720230699537,2
9704,-2.63250764609541,2
9705,-0.0986951474975073,2
9706,-0.269348130964323,2
9707,1.67538956644338,2
9708,1.30909768203641,2
9709,-1.6840708820469,2
9710,-0.582670401367889,2
9711,-1.02729643266255,1
9712,0.878862808907991,2
9713,4.45268940808167,3
9714,1.20537791583264,2
9715,5.04171040108788,3
9716,-1.42214802120652,1
9717,-0.247314784417699,2
9718,0.14958578345488,2
9719,-2.48576987976931,1
9720,-1.39598222358437,2
9721,5.25853244423316,3
9722,4.87955196897375,3
9723,5.12880122213549,3
9724,-0.637104980710363,2
9725,2.03878604469939,2
9726,-3.42334480840048,1
9727,-3.629578742686,1
9728,-4.96498233271119,1
9729,-1.04927899359885,1
9730,0.379612705422413,2
9731,-1.57942469512086,1
9732,3.82107758894212,3
9733,0.0242356783728676,2
9734,0.77081867169404,2
9735,4.89282620761991,3
9736,-0.377553664195196,2
9737,0.0581763553086045,2
9738,2.57489023379201,3
9739,-0.464010628735978,2
9740,-0.234026743812637,2
9741,-3.13889136243904,1
9742,0.101772041721814,2
9743,1.21431502306541,2
9744,-2.47508572068071,1
9745,-2.56886469517867,2
9746,3.73800071441637,3
9747,1.98924365380742,2
9748,-4.54777654363757,1
9749,-0.339249854254092,2
9750,1.21357441265338,2
9751,-1.30913466488664,2
9752,5.1027828462166,3
9753,-0.215988701887296,2
9754,-3.35436921991343,1
9755,3.65677021548324,3
9756,-0.0606100814465088,2
9757,-0.0796694097451784,2
9758,-2.80976968430754,1
9759,5.32560851810035,3
9760,-0.326084831299733,2
9761,1.68109469214617,2
9762,-0.816473402087086,2
9763,1.03640262444953,2
9764,4.51746625272661,3
9765,-1.91538299132908,1
9766,-3.72077363182012,1
9767,1.74418409412504,2
9768,-1.81251474524571,2
9769,0.554631070423332,2
9770,-0.903266023923327,2
9771,-2.70177240845928,1
9772,-3.34847244895561,1
9773,-0.998298665870284,2
9774,4.57421454260429,3
9775,-0.0527268089879745,2
9776,-3.10188325571522,1
9777,-2.12356873502313,1
9778,0.97779141646181,2
9779,-0.173451330152109,2
9780,-2.65088758782017,1
9781,0.670240018934236,2
9782,4.69675190397018,3
9783,-0.871548100983819,1
9784,0.133218261122488,2
9785,-2.21675513493914,2
9786,2.19937553858962,3
9787,4.15766188081343,3
9788,3.50476837596371,3
9789,2.04350430210435,2
9790,-0.0212244551339766,2
9791,1.9984893050234,2
9792,-4.0867828557013,1
9793,5.33179937853843,3
9794,-1.62758816223906,2
9795,-0.327269178646847,2
9796,5.64665633701533,3
9797,-2.76192850843729,1
9798,1.19226331534088,2
9799,0.226991933442807,2
9800,-0.29891338930648,2
9801,-1.43268242639769,2
9802,-0.574995742510381,2
9803,-1.41795704082351,2
9804,0.461331003901637,2
9805,-0.636273493528611,2
9806,-2.5394086505219,1
9807,0.720730133867399,2
9808,0.721771014943123,2
9809,3.71204729388167,3
9810,0.87239516251344,2
9811,1.39359262897444,3
9812,4.48790211736095,3
9813,4.10643425970046,3
9814,-1.48353381221735,2
9815,0.277587578066646,2
9816,4.99497584916127,3
9817,-4.22240338257699,1
9818,2.84897329663078,3
9819,-0.42591120128335,2
9820,0.360949902610342,2
9821,4.56283999863463,3
9822,0.864717315822876,2
9823,0.194509270110642,2
9824,-3.51675944974373,1
9825,-2.73619398639528,1
9826,-0.515993291573146,2
9827,-4.01254806837321,1
9828,-3.04289297789758,1
9829,0.766162876774896,2
9830,0.136214512891788,2
9831,5.52101671163448,3
9832,-3.3719448751635,1
9833,-2.43701046677952,1
9834,0.29949067695872,2
9835,0.319055295918316,2
9836,4.09864568566856,3
9837,-0.496712975638095,2
9838,-3.04759611697836,1
9839,4.75069330348779,3
9840,4.23052327972932,3
9841,-2.39306986383851,1
9842,-2.65471581327621,1
9843,-0.449337685075739,2
9844,3.82898243189497,3
9845,4.33497218755083,3
9846,-0.898641835997367,2
9847,-1.96345199005878,1
9848,1.18901180052985,2
9849,-0.0600459600045728,2
9850,-4.28871623535013,1
9851,-1.65481998097783,1
9852,0.60411874056237,2
9853,-1.4349126716445,2
9854,-1.73896506353535,1
9855,-2.88075476357242,1
9856,3.63851353706469,3
9857,2.053861151768,2
9858,0.534670732983126,2
9859,-0.311867437303258,2
9860,-3.59831080371967,1
9861,-3.02969397104984,1
9862,-3.54762761722191,1
9863,0.960574805077155,2
9864,2.47135638610944,3
9865,0.307769939615024,2
9866,2.61766825255031,3
9867,-0.158113544897406,2
9868,3.63012695013921,3
9869,3.64847889224306,3
9870,1.45885698110729,2
9871,0.290955961767677,2
9872,-3.99853840600393,1
9873,4.40502274460841,3
9874,-4.75323735914227,1
9875,-0.472170080106029,2
9876,0.81644111260158,2
9877,-0.679157178802154,2
9878,-0.210320814229356,2
9879,-2.11574917997179,1
9880,-2.23889751290511,1
9881,-2.64564780355065,1
9882,-0.448230040453841,2
9883,3.39428079300967,3
9884,3.25675007173324,3
9885,0.96618929222735,2
9886,-2.05184069744819,1
9887,4.01541559143109,3
9888,1.35541776928185,2
9889,0.279077037786067,2
9890,-0.643538933862576,2
9891,1.64881936081943,2
9892,-0.114874638716652,2
9893,4.6218574407492,3
9894,-3.86946045095937,1
9895,-4.31260505619999,1
9896,-1.05418173111399,2
9897,2.34142528460208,3
9898,4.18961456242008,3
9899,0.438546775700866,2
9900,-3.52631028763453,1
9901,-2.37464847913337,1
9902,-0.106292768822515,2
9903,3.9977469533915,3
9904,-1.94940715588412,1
9905,0.782087200345919,2
9906,0.647112024498933,2
9907,0.794883533831671,2
9908,4.81626909489866,3
9909,-3.78896321811123,1
9910,4.29725589618713,3
9911,-2.03747203151573,1
9912,-3.20078101558912,1
9913,-1.30989302996944,1
9914,3.88627141004052,3
9915,6.03280027895722,3
9916,-1.69664284190624,2
9917,1.33268462976444,2
9918,-0.422731903802032,1
9919,3.89310558315083,3
9920,-3.27594516842554,1
9921,0.725815431282296,2
9922,-0.363738560815834,2
9923,0.551710837460081,2
9924,1.13254984181008,2
9925,-0.850439447987543,2
9926,-1.70926607220739,1
9927,0.247119563177412,2
9928,3.71537362974937,3
9929,1.12155646937291,2
9930,0.635338733866089,2
9931,-2.34727738659846,1
9932,-4.95820517465692,1
9933,3.60425157089876,3
9934,-2.69595796497186,1
9935,2.74869116959292,2
9936,0.441335798429958,2
9937,-0.245253129149815,2
9938,-1.84706377444138,1
9939,0.438840687184399,2
9940,4.70132533346609,3
9941,1.6599327828159,2
9942,-1.03055273658386,2
9943,3.936899510211,3
9944,4.80569606322506,3
9945,0.269989483309469,2
9946,3.64739774559193,3
9947,2.61347957467086,3
9948,3.98565037129326,3
9949,0.327249969745338,2
9950,-3.73852770473957,1
9951,-1.71051632221807,2
9952,4.62040897823253,3
9953,-1.2832584037532,2
9954,-0.683495473248539,2
9955,-1.33370301395789,2
9956,-0.580987627977025,2
9957,-0.65272192246535,2
9958,-0.357801185526678,2
9959,2.81877900972256,3
9960,3.89074018737135,3
9961,-0.411312115325929,2
9962,-0.198070049692169,2
9963,1.26750815363852,2
9964,-0.937623989119962,2
9965,0.205072404879131,2
9966,0.68223512694434,2
9967,1.13712909055669,2
9968,5.10082003019471,3
9969,-2.20961465611177,1
9970,3.14186828347076,3
9971,3.66631622306565,3
9972,0.188879480095157,2
9973,0.848355575369828,2
9974,4.5267629616544,3
9975,-2.54419480105413,1
9976,0.62038170075029,2
9977,4.71357703479764,3
9978,5.76878922795446,3
9979,-0.860649608648606,2
9980,-0.424550236276609,1
9981,-2.7815045377212,1
9982,-2.37367085604992,2
9983,2.83985008745833,3
9984,0.110221751018043,2
9985,4.73020303831712,3
9986,0.599735644669966,2
9987,4.17536867627726,3
9988,0.000603359390358705,2
9989,2.90713026164837,3
9990,-3.83599930585286,1
9991,5.58348943852212,3
9992,0.528194400015101,2
9993,-0.555612312584034,2
9994,-1.1065443604311,2
9995,3.3056184562984,3
9996,0.671453526553663,2
9997,-2.68951925055686,1
9998,-1.06294924266973,2
9999,0.25221348444686,2
10000,-2.37103500748016,1
